opportunity_id,source_key,sam_notice_id,solicitation_number,title,notice_type,ptype,notice_bucket,record_type,agency,subagency,office,posted_date,updated_date,due_date,archive_date,naics,psc,set_aside,place_of_performance_state,program_focus,topic_keys,vendor_keys_mentioned,lifecycle_status,importance_score,score_evidence_json,document_url,source_url,summary,raw_json,last_checked_at
sam_opportunities-d59c560660b147269c63ea56f13d7fec,sam_opportunities,d59c560660b147269c63ea56f13d7fec,75FCMC26R0057,"Data Analysis for Quality, Safety & Oversight of the End Stage Renal Disease (ESRD), Transplant, and Organ Procurement Organization (OPO) Programs",Solicitation,o,active_opportunity,opportunity,"HEALTH AND HUMAN SERVICES, DEPARTMENT OF.CENTERS FOR MEDICARE AND MEDICAID SERVICES.OFC OF ACQUISITION AND GRANTS MGMT",,,2026-07-22,,2026-08-13,2026-08-28,541720,R499,,,medicaid;medicare,grant;medicaid;medicare;solicitation,,active,95,"{""agency"":""HEALTH AND HUMAN SERVICES, DEPARTMENT OF.CENTERS FOR MEDICARE AND MEDICAID SERVICES.OFC OF ACQUISITION AND GRANTS MGMT"",""award_amount"":""0"",""due_date"":""2026-08-13"",""keyword_hits"":[""grant"",""medicaid"",""medicare"",""solicitation""],""notice_bucket"":""active_opportunity"",""ptype"":""o"",""vendor_keys_mentioned"":[]}",https://sam.gov/workspace/contract/opp/d59c560660b147269c63ea56f13d7fec/view,https://api.sam.gov/opportunities/v2/search,https://api.sam.gov/prod/opportunities/v1/noticedesc?noticeid=d59c560660b147269c63ea56f13d7fec,"{""active"":""Yes"",""additionalInfoLink"":null,""archiveDate"":""2026-08-28"",""archiveType"":""auto15"",""award"":null,""baseType"":""Solicitation"",""classificationCode"":""R499"",""description"":""https://api.sam.gov/prod/opportunities/v1/noticedesc?noticeid=d59c560660b147269c63ea56f13d7fec"",""fullParentPathCode"":""075.7530.75FCMC"",""fullParentPathName"":""HEALTH AND HUMAN SERVICES, DEPARTMENT OF.CENTERS FOR MEDICARE AND MEDICAID SERVICES.OFC OF ACQUISITION AND GRANTS MGMT"",""links"":[{""href"":""https://api.sam.gov/prod/opportunities/v2/search?noticeid=d59c560660b147269c63ea56f13d7fec&limit=1"",""rel"":""self""}],""naicsCode"":""541720"",""naicsCodes"":[""541720""],""noticeId"":""d59c560660b147269c63ea56f13d7fec"",""officeAddress"":{""city"":""BALTIMORE"",""countryCode"":""USA"",""state"":""MD"",""zipcode"":""21244""},""organizationType"":""OFFICE"",""placeOfPerformance"":{""country"":{""code"":""USA"",""name"":""UNITED STATES""}},""pointOfContact"":[{""email"":""joshua.czerski@cms.hhs.gov"",""fax"":"""",""fullName"":""Joshua Czerski"",""phone"":""4107861460"",""title"":null,""type"":""primary""},{""email"":""brian.humes@cms.hhs.gov"",""fax"":"""",""fullName"":""Brian Humes"",""phone"":""4107868898"",""title"":null,""type"":""secondary""}],""postedDate"":""2026-07-22"",""resourceLinks"":[""https://sam.gov/api/prod/opps/v3/opportunities/resources/files/2769c39f3a364ce58e5d5192d6f74b6c/download"",""https://sam.gov/api/prod/opps/v3/opportunities/resources/files/41209e038ae74a7ca5d0c4967c0e8999/download"",""https://sam.gov/api/prod/opps/v3/opportunities/resources/files/6f717a3046044039b006f539277aa5c3/download"",""https://sam.gov/api/prod/opps/v3/opportunities/resources/files/7276a9eb03484f28b48687e4df14f6eb/download"",""https://sam.gov/api/prod/opps/v3/opportunities/resources/files/9f88c6e410d1425883894e30de6ac74b/download"",""https://sam.gov/api/prod/opps/v3/opportunities/resources/files/b8aea649805a4c1a9d5c1ef9c07d40a9/download"",""https://sam.gov/api/prod/opps/v3/opportunities/resources/files/c0cc88a9fa7d4e7fbd153971da6b9628/download""],""responseDeadLine"":""2026-08-13T13:00:00-04:00"",""solicitationNumber"":""75FCMC26R0057"",""title"":""Data Analysis for Quality, Safety & Oversight of the End Stage Renal Disease (ESRD), Transplant, and Organ Procurement Organization (OPO) Programs"",""type"":""Solicitation"",""typeOfSetAside"":null,""typeOfSetAsideDescription"":null,""uiLink"":""https://sam.gov/workspace/contract/opp/d59c560660b147269c63ea56f13d7fec/view""}",2026-07-26T14:18:11Z
sam_opportunities-d9a4d61c29594398ba6dbf631692328a,sam_opportunities,d9a4d61c29594398ba6dbf631692328a,140L3626Q0044,LE VEHICLE UPFITS and DECOMMISSION,Solicitation,o,active_opportunity,opportunity,"INTERIOR, DEPARTMENT OF THE.BUREAU OF LAND MANAGEMENT.MONTANA STATE OFFICE",,,2026-07-22,,2026-08-11,2026-08-26,811114,N040,Total Small Business Set-Aside (FAR 19.5),,medicaid,mmis;solicitation,,active,83,"{""agency"":""INTERIOR, DEPARTMENT OF THE.BUREAU OF LAND MANAGEMENT.MONTANA STATE OFFICE"",""award_amount"":""0"",""due_date"":""2026-08-11"",""keyword_hits"":[""MMIS"",""solicitation""],""notice_bucket"":""active_opportunity"",""ptype"":""o"",""vendor_keys_mentioned"":[]}",https://sam.gov/workspace/contract/opp/d9a4d61c29594398ba6dbf631692328a/view,https://api.sam.gov/opportunities/v2/search,https://api.sam.gov/prod/opportunities/v1/noticedesc?noticeid=d9a4d61c29594398ba6dbf631692328a,"{""active"":""Yes"",""additionalInfoLink"":null,""archiveDate"":""2026-08-26"",""archiveType"":""auto15"",""award"":null,""baseType"":""Solicitation"",""classificationCode"":""N040"",""description"":""https://api.sam.gov/prod/opportunities/v1/noticedesc?noticeid=d9a4d61c29594398ba6dbf631692328a"",""fullParentPathCode"":""014.1422.140L36"",""fullParentPathName"":""INTERIOR, DEPARTMENT OF THE.BUREAU OF LAND MANAGEMENT.MONTANA STATE OFFICE"",""links"":[{""href"":""https://api.sam.gov/prod/opportunities/v2/search?noticeid=d9a4d61c29594398ba6dbf631692328a&limit=1"",""rel"":""self""}],""naicsCode"":""811114"",""naicsCodes"":[""811114""],""noticeId"":""d9a4d61c29594398ba6dbf631692328a"",""officeAddress"":{""city"":""BILLINGS"",""countryCode"":""USA"",""state"":""MT"",""zipcode"":""59101""},""organizationType"":""OFFICE"",""placeOfPerformance"":{""city"":{},""country"":{},""state"":{}},""pointOfContact"":[{""email"":""cclapp@blm.gov"",""fax"":""4068965296"",""fullName"":""Clapp, Chad"",""phone"":""0000000000"",""title"":null,""type"":""primary""}],""postedDate"":""2026-07-22"",""resourceLinks"":[""https://sam.gov/api/prod/opps/v3/opportunities/resources/files/454e6b7fca1b4ccd876adffdd85bf059/download"",""https://sam.gov/api/prod/opps/v3/opportunities/resources/files/6e21bdfa9ca04b598edb943bdd9b3664/download"",""https://sam.gov/api/prod/opps/v3/opportunities/resources/files/b4b9b28c47de4b4eaa3a0cf64b64656b/download"",""https://sam.gov/api/prod/opps/v3/opportunities/resources/files/f40093e9daaf4292aca359cee72ebb74/download""],""responseDeadLine"":""2026-08-11T17:00:00-06:00"",""solicitationNumber"":""140L3626Q0044"",""title"":""LE VEHICLE UPFITS and DECOMMISSION"",""type"":""Solicitation"",""typeOfSetAside"":""SBA"",""typeOfSetAsideDescription"":""Total Small Business Set-Aside (FAR 19.5)"",""uiLink"":""https://sam.gov/workspace/contract/opp/d9a4d61c29594398ba6dbf631692328a/view""}",2026-07-26T14:18:11Z
sam_opportunities-f670578d95d3476b94e64d7cea93cd14,sam_opportunities,f670578d95d3476b94e64d7cea93cd14,273FCC26Q0008,Columbia Landscape & Snow Services,Combined Synopsis/Solicitation,k,active_opportunity,opportunity,FEDERAL COMMUNICATIONS COMMISSION.FEDERAL COMMUNICATIONS COMMISSION.FCC,,,2026-07-24,,2026-08-06,2026-08-21,561730,S208,Total Small Business Set-Aside (FAR 19.5),MD,medicaid,mmis;solicitation,,active,83,"{""agency"":""FEDERAL COMMUNICATIONS COMMISSION.FEDERAL COMMUNICATIONS COMMISSION.FCC"",""award_amount"":""0"",""due_date"":""2026-08-06"",""keyword_hits"":[""MMIS"",""solicitation""],""notice_bucket"":""active_opportunity"",""ptype"":""k"",""vendor_keys_mentioned"":[]}",https://sam.gov/workspace/contract/opp/f670578d95d3476b94e64d7cea93cd14/view,https://api.sam.gov/opportunities/v2/search,https://api.sam.gov/prod/opportunities/v1/noticedesc?noticeid=f670578d95d3476b94e64d7cea93cd14,"{""active"":""Yes"",""additionalInfoLink"":null,""archiveDate"":""2026-08-21"",""archiveType"":""auto15"",""award"":null,""baseType"":""Combined Synopsis/Solicitation"",""classificationCode"":""S208"",""description"":""https://api.sam.gov/prod/opportunities/v1/noticedesc?noticeid=f670578d95d3476b94e64d7cea93cd14"",""fullParentPathCode"":""027.2700.273FCC"",""fullParentPathName"":""FEDERAL COMMUNICATIONS COMMISSION.FEDERAL COMMUNICATIONS COMMISSION.FCC"",""links"":[{""href"":""https://api.sam.gov/prod/opportunities/v2/search?noticeid=f670578d95d3476b94e64d7cea93cd14&limit=1"",""rel"":""self""}],""naicsCode"":""561730"",""naicsCodes"":[""561730""],""noticeId"":""f670578d95d3476b94e64d7cea93cd14"",""officeAddress"":{""city"":""WASHINGTON"",""countryCode"":""USA"",""state"":""DC"",""zipcode"":""20554""},""organizationType"":""OFFICE"",""placeOfPerformance"":{""city"":{""code"":""19125"",""name"":""Columbia""},""country"":{""code"":""USA"",""name"":""UNITED STATES""},""state"":{""code"":""MD"",""name"":""Maryland""},""zip"":""21046""},""pointOfContact"":[{""email"":""luis.salas@fcc.gov"",""fax"":"""",""fullName"":""Luis Salas"",""phone"":""2024188221"",""title"":null,""type"":""primary""}],""postedDate"":""2026-07-24"",""resourceLinks"":[""https://sam.gov/api/prod/opps/v3/opportunities/resources/files/3cc0f88a8fb54bb3a8046d5272efbfa9/download"",""https://sam.gov/api/prod/opps/v3/opportunities/resources/files/695840f90d0c4fa4a451ac77b40344cc/download"",""https://sam.gov/api/prod/opps/v3/opportunities/resources/files/aaed034c4ef84dc9a0e5b7a4cfc3afbe/download"",""https://sam.gov/api/prod/opps/v3/opportunities/resources/files/fb86a8cae2d942d19176b70ba7d4338f/download""],""responseDeadLine"":""2026-08-06T12:00:00-04:00"",""solicitationNumber"":""273FCC26Q0008"",""title"":""Columbia Landscape & Snow Services"",""type"":""Combined Synopsis/Solicitation"",""typeOfSetAside"":""SBA"",""typeOfSetAsideDescription"":""Total Small Business Set-Aside (FAR 19.5)"",""uiLink"":""https://sam.gov/workspace/contract/opp/f670578d95d3476b94e64d7cea93cd14/view""}",2026-07-26T14:18:18Z
sam_opportunities-c1f08ca8ee7343a0b86db8b1302a80bf,sam_opportunities,c1f08ca8ee7343a0b86db8b1302a80bf,270196,REQUEST FOR INFORMATION (RFI) - Intelligent Coding Assistance Tool,Sources Sought,r,early_signal,opportunity,"HEALTH AND HUMAN SERVICES, DEPARTMENT OF.CENTERS FOR MEDICARE AND MEDICAID SERVICES.OFC OF ACQUISITION AND GRANTS MGMT",,,2026-07-22,,2026-08-20,2026-09-04,541512,DA01,No Set aside used,,medicaid;medicare,grant;medicaid;medicare;rfi;sources_sought,,upcoming,100,"{""agency"":""HEALTH AND HUMAN SERVICES, DEPARTMENT OF.CENTERS FOR MEDICARE AND MEDICAID SERVICES.OFC OF ACQUISITION AND GRANTS MGMT"",""award_amount"":""0"",""due_date"":""2026-08-20"",""keyword_hits"":[""grant"",""medicaid"",""medicare"",""RFI"",""sources sought""],""notice_bucket"":""early_signal"",""ptype"":""r"",""vendor_keys_mentioned"":[]}",https://sam.gov/workspace/contract/opp/c1f08ca8ee7343a0b86db8b1302a80bf/view,https://api.sam.gov/opportunities/v2/search,https://api.sam.gov/prod/opportunities/v1/noticedesc?noticeid=c1f08ca8ee7343a0b86db8b1302a80bf,"{""active"":""Yes"",""additionalInfoLink"":null,""archiveDate"":""2026-09-04"",""archiveType"":""auto15"",""award"":null,""baseType"":""Sources Sought"",""classificationCode"":""DA01"",""description"":""https://api.sam.gov/prod/opportunities/v1/noticedesc?noticeid=c1f08ca8ee7343a0b86db8b1302a80bf"",""fullParentPathCode"":""075.7530.75FCMC"",""fullParentPathName"":""HEALTH AND HUMAN SERVICES, DEPARTMENT OF.CENTERS FOR MEDICARE AND MEDICAID SERVICES.OFC OF ACQUISITION AND GRANTS MGMT"",""links"":[{""href"":""https://api.sam.gov/prod/opportunities/v2/search?noticeid=c1f08ca8ee7343a0b86db8b1302a80bf&limit=1"",""rel"":""self""}],""naicsCode"":""541512"",""naicsCodes"":[""541512""],""noticeId"":""c1f08ca8ee7343a0b86db8b1302a80bf"",""officeAddress"":{""city"":""BALTIMORE"",""countryCode"":""USA"",""state"":""MD"",""zipcode"":""21244""},""organizationType"":""OFFICE"",""placeOfPerformance"":{""country"":{""code"":""USA"",""name"":""UNITED STATES""}},""pointOfContact"":[{""email"":""andrew.mummert@cms.hhs.gov"",""fax"":"""",""fullName"":""Andrew Mummert"",""phone"":""4107860403"",""title"":null,""type"":""primary""}],""postedDate"":""2026-07-22"",""resourceLinks"":[""https://sam.gov/api/prod/opps/v3/opportunities/resources/files/370e30e4dd374f30b79e456cde9c94ce/download"",""https://sam.gov/api/prod/opps/v3/opportunities/resources/files/658b354fe92e43618ec306a15f999558/download""],""responseDeadLine"":""2026-08-20T10:00:00-04:00"",""solicitationNumber"":""270196"",""title"":""REQUEST FOR INFORMATION (RFI) - Intelligent Coding Assistance Tool"",""type"":""Sources Sought"",""typeOfSetAside"":""NONE"",""typeOfSetAsideDescription"":""No Set aside used"",""uiLink"":""https://sam.gov/workspace/contract/opp/c1f08ca8ee7343a0b86db8b1302a80bf/view""}",2026-07-26T14:18:20Z
sam_opportunities-e17105dab2844519a2259575504886d9,sam_opportunities,e17105dab2844519a2259575504886d9,FA8820-26-SSC-BMC3I-2046,Sustainable Demolition Utilizing Deconstruction of a Decommissioned U.S. Ground-Based Radar Facility,Sources Sought,r,early_signal,opportunity,DEPT OF DEFENSE.DEPT OF THE AIR FORCE.SPACE SYSTEMS COMMAND.PEO SPACE DOMAIN AWARENESS ANDCOMBAT POWER.FA8820 SUSTAINMENT SDACP SSC/PKL,,,2026-07-23,,2026-08-13,2026-08-28,238910,,,,medicaid,mmis;sources_sought;spa,,upcoming,83,"{""agency"":""DEPT OF DEFENSE.DEPT OF THE AIR FORCE.SPACE SYSTEMS COMMAND.PEO SPACE DOMAIN AWARENESS ANDCOMBAT POWER.FA8820  SUSTAINMENT SDACP SSC/PKL"",""award_amount"":""0"",""due_date"":""2026-08-13"",""keyword_hits"":[""MMIS"",""sources sought"",""SPA""],""notice_bucket"":""early_signal"",""ptype"":""r"",""vendor_keys_mentioned"":[]}",https://sam.gov/workspace/contract/opp/e17105dab2844519a2259575504886d9/view,https://api.sam.gov/opportunities/v2/search,https://api.sam.gov/prod/opportunities/v1/noticedesc?noticeid=e17105dab2844519a2259575504886d9,"{""active"":""Yes"",""additionalInfoLink"":null,""archiveDate"":""2026-08-28"",""archiveType"":""auto15"",""award"":null,""baseType"":""Sources Sought"",""classificationCode"":null,""description"":""https://api.sam.gov/prod/opportunities/v1/noticedesc?noticeid=e17105dab2844519a2259575504886d9"",""fullParentPathCode"":""097.5700.SSC.PEO SDACP.FA8820"",""fullParentPathName"":""DEPT OF DEFENSE.DEPT OF THE AIR FORCE.SPACE SYSTEMS COMMAND.PEO SPACE DOMAIN AWARENESS ANDCOMBAT POWER.FA8820  SUSTAINMENT SDACP SSC/PKL"",""links"":[{""href"":""https://api.sam.gov/prod/opportunities/v2/search?noticeid=e17105dab2844519a2259575504886d9&limit=1"",""rel"":""self""}],""naicsCode"":""238910"",""naicsCodes"":[""238910""],""noticeId"":""e17105dab2844519a2259575504886d9"",""officeAddress"":{""city"":""PETERSON SFB"",""countryCode"":""USA"",""state"":""CO"",""zipcode"":""80914""},""organizationType"":""OFFICE"",""placeOfPerformance"":{""country"":{""code"":""USA"",""name"":""UNITED STATES""}},""pointOfContact"":[{""email"":""SSC.PKL.SDA@spaceforce.mil"",""fax"":"""",""fullName"":""SSC/PKL Space Domain Awareness"",""phone"":"""",""title"":null,""type"":""primary""}],""postedDate"":""2026-07-23"",""resourceLinks"":null,""responseDeadLine"":""2026-08-13T12:00:00-06:00"",""solicitationNumber"":""FA8820-26-SSC-BMC3I-2046"",""title"":""Sustainable Demolition Utilizing Deconstruction of a Decommissioned U.S. Ground-Based Radar Facility"",""type"":""Sources Sought"",""typeOfSetAside"":null,""typeOfSetAsideDescription"":null,""uiLink"":""https://sam.gov/workspace/contract/opp/e17105dab2844519a2259575504886d9/view""}",2026-07-26T14:18:20Z
sam_opportunities-630420cb57934e5589f93fc9c5e80ac4,sam_opportunities,630420cb57934e5589f93fc9c5e80ac4,36C25026B0040,Z2DA--541-25-501 Address Retro Commissioning - Construction Procurement Package (VA-26-00053441) - VAMC CLEVELAND,Presolicitation,p,early_signal,opportunity,"VETERANS AFFAIRS, DEPARTMENT OF.VETERANS AFFAIRS, DEPARTMENT OF.250-NETWORK CONTRACT OFFICE 10 (36C250)",,,2026-07-13,,2026-08-12,2026-10-13,236220,Z2DA,Service-Disabled Veteran-Owned Small Business Set Aside,OH,medicaid,mmis;solicitation,,upcoming,83,"{""agency"":""VETERANS AFFAIRS, DEPARTMENT OF.VETERANS AFFAIRS, DEPARTMENT OF.250-NETWORK CONTRACT OFFICE 10 (36C250)"",""award_amount"":""0"",""due_date"":""2026-08-12"",""keyword_hits"":[""MMIS"",""solicitation""],""notice_bucket"":""early_signal"",""ptype"":""p"",""vendor_keys_mentioned"":[]}",https://sam.gov/workspace/contract/opp/630420cb57934e5589f93fc9c5e80ac4/view,https://api.sam.gov/opportunities/v2/search,https://api.sam.gov/prod/opportunities/v1/noticedesc?noticeid=630420cb57934e5589f93fc9c5e80ac4,"{""active"":""Yes"",""additionalInfoLink"":null,""archiveDate"":""2026-10-13"",""archiveType"":""autocustom"",""award"":{""awardee"":{}},""baseType"":""Presolicitation"",""classificationCode"":""Z2DA"",""description"":""https://api.sam.gov/prod/opportunities/v1/noticedesc?noticeid=630420cb57934e5589f93fc9c5e80ac4"",""fullParentPathCode"":""036.3600.36C250"",""fullParentPathName"":""VETERANS AFFAIRS, DEPARTMENT OF.VETERANS AFFAIRS, DEPARTMENT OF.250-NETWORK CONTRACT OFFICE 10 (36C250)"",""links"":[{""href"":""https://api.sam.gov/prod/opportunities/v2/search?noticeid=630420cb57934e5589f93fc9c5e80ac4&limit=1"",""rel"":""self""}],""naicsCode"":""236220"",""naicsCodes"":[""236220""],""noticeId"":""630420cb57934e5589f93fc9c5e80ac4"",""officeAddress"":{""city"":""DAYTON"",""countryCode"":""USA"",""state"":""OH"",""zipcode"":""45428""},""organizationType"":""OFFICE"",""placeOfPerformance"":{""city"":{""code"":""16000"",""name"":""Cleveland""},""country"":{""code"":""USA"",""name"":""UNITED STATES""},""state"":{""code"":""OH"",""name"":""Ohio""},""streetAddress"":""Department of Veteran Affairs Louis Stokes VA Medical Center"",""streetAddress2"":""10701 East Blvd"",""zip"":""44106""},""pointOfContact"":[{""email"":""Lakeisha.Jackson@va.gov"",""fax"":"""",""fullName"":""Lakeisha Jackson"",""phone"":""(216) 447-8300 ext 49622"",""title"":""Contract Specialist"",""type"":""primary""}],""postedDate"":""2026-07-13"",""resourceLinks"":[""https://sam.gov/api/prod/opps/v3/opportunities/resources/files/3a4c6574f3de4cd882a399ce6ac5a3ed/download"",""https://sam.gov/api/prod/opps/v3/opportunities/resources/files/60baf45e1cea47d8a6d884cebf6d0fd7/download"",""https://sam.gov/api/prod/opps/v3/opportunities/resources/files/85e4e2ab5db549a495f9ac599c6d3212/download"",""https://sam.gov/api/prod/opps/v3/opportunities/resources/files/94c0d450600e4ee690ede392e1448b27/download"",""https://sam.gov/api/prod/opps/v3/opportunities/resources/files/a6e7f958ff094e3fb337bcd87ff72298/download"",""https://sam.gov/api/prod/opps/v3/opportunities/resources/files/a87fa8199c524b198057586fe58d72cc/download"",""https://sam.gov/api/prod/opps/v3/opportunities/resources/files/b0df56704f804d5a873886677d32d5dc/download"",""https://sam.gov/api/prod/opps/v3/opportunities/resources/files/b76332141c874535a70e4c5503d9f721/download"",""https://sam.gov/api/prod/opps/v3/opportunities/resources/files/bb113095e08a425ea967c468c0771063/download"",""https://sam.gov/api/prod/opps/v3/opportunities/resources/files/c660ff67a0334987b2040069e2054bc1/download"",""https://sam.gov/api/prod/opps/v3/opportunities/resources/files/c67f74acadad47a7974f557326ea351a/download"",""https://sam.gov/api/prod/opps/v3/opportunities/resources/files/e39e8ef847ae4049bc1d01cca54116d8/download""],""responseDeadLine"":""2026-08-12T13:00:00-04:00"",""solicitationNumber"":""36C25026B0040"",""title"":""Z2DA--541-25-501 Address Retro Commissioning -  Construction Procurement Package (VA-26-00053441) - VAMC  CLEVELAND"",""type"":""Presolicitation"",""typeOfSetAside"":""SDVOSBC"",""typeOfSetAsideDescription"":""Service-Disabled Veteran-Owned Small Business Set Aside"",""uiLink"":""https://sam.gov/workspace/contract/opp/630420cb57934e5589f93fc9c5e80ac4/view""}",2026-07-26T14:18:22Z
sam_opportunities-28df721a17a74d06933ba79d4281f848,sam_opportunities,28df721a17a74d06933ba79d4281f848,191BWC26R0012,NIWTP Ingress Road Paving,Presolicitation,p,early_signal,opportunity,INTERNATIONAL BOUNDARY AND WATER COMMISSION: US-MEXICO.INTERNATIONAL BOUNDARY AND WATER COMMISSION: US-MEXICO.INTERNAT BOUNDARY AND WATER COMM,,,2026-07-24,,2026-08-08,2026-08-23,237310,Y1LB,Total Small Business Set-Aside (FAR 19.5),,medicaid,mmis;solicitation,,upcoming,83,"{""agency"":""INTERNATIONAL BOUNDARY AND WATER COMMISSION: US-MEXICO.INTERNATIONAL BOUNDARY AND WATER COMMISSION: US-MEXICO.INTERNAT BOUNDARY AND WATER COMM"",""award_amount"":""0"",""due_date"":""2026-08-08"",""keyword_hits"":[""MMIS"",""solicitation""],""notice_bucket"":""early_signal"",""ptype"":""p"",""vendor_keys_mentioned"":[]}",https://sam.gov/workspace/contract/opp/28df721a17a74d06933ba79d4281f848/view,https://api.sam.gov/opportunities/v2/search,https://api.sam.gov/prod/opportunities/v1/noticedesc?noticeid=28df721a17a74d06933ba79d4281f848,"{""active"":""Yes"",""additionalInfoLink"":null,""archiveDate"":""2026-08-23"",""archiveType"":""auto15"",""award"":null,""baseType"":""Presolicitation"",""classificationCode"":""Y1LB"",""description"":""https://api.sam.gov/prod/opportunities/v1/noticedesc?noticeid=28df721a17a74d06933ba79d4281f848"",""fullParentPathCode"":""019.19BM.199401"",""fullParentPathName"":""INTERNATIONAL BOUNDARY AND WATER COMMISSION: US-MEXICO.INTERNATIONAL BOUNDARY AND WATER COMMISSION: US-MEXICO.INTERNAT BOUNDARY AND WATER COMM"",""links"":[{""href"":""https://api.sam.gov/prod/opportunities/v2/search?noticeid=28df721a17a74d06933ba79d4281f848&limit=1"",""rel"":""self""}],""naicsCode"":""237310"",""naicsCodes"":[""237310""],""noticeId"":""28df721a17a74d06933ba79d4281f848"",""officeAddress"":{""city"":""El Paso"",""countryCode"":""USA"",""state"":""TX"",""zipcode"":""79902""},""organizationType"":""OFFICE"",""placeOfPerformance"":{""country"":{""code"":""USA"",""name"":""UNITED STATES""}},""pointOfContact"":[{""email"":""nicolas.montemayor@ibwc.gov"",""fax"":null,""fullName"":""Nicol\u00e1s Montemayor \u00c1lvarez"",""phone"":null,""title"":null,""type"":""primary""}],""postedDate"":""2026-07-24"",""resourceLinks"":[""https://sam.gov/api/prod/opps/v3/opportunities/resources/files/696d4dec3c26477091134186be03a49b/download""],""responseDeadLine"":""2026-08-08T15:00:00-06:00"",""solicitationNumber"":""191BWC26R0012"",""title"":""NIWTP Ingress Road Paving"",""type"":""Presolicitation"",""typeOfSetAside"":""SBA"",""typeOfSetAsideDescription"":""Total Small Business Set-Aside (FAR 19.5)"",""uiLink"":""https://sam.gov/workspace/contract/opp/28df721a17a74d06933ba79d4281f848/view""}",2026-07-26T14:18:22Z
sam_opportunities-2cfdf63486f54af6a4b831afaff604ed,sam_opportunities,2cfdf63486f54af6a4b831afaff604ed,FA813726R0045,"17829397-Decommission & Demo CRAC Units at B3001, Annex G, Tinker AFB",Presolicitation,p,early_signal,opportunity,DEPT OF DEFENSE.DEPT OF THE AIR FORCE.AIR FORCE MATERIEL COMMAND.AIR FORCE SUSTAINMENT CENTER.FA8137 AFSC PZIOC,,,2026-07-22,,2026-08-07,2026-08-22,236220,Z1AZ,Women-Owned Small Business,OK,medicaid,mmis;solicitation,,upcoming,83,"{""agency"":""DEPT OF DEFENSE.DEPT OF THE AIR FORCE.AIR FORCE MATERIEL COMMAND.AIR FORCE SUSTAINMENT CENTER.FA8137  AFSC PZIOC"",""award_amount"":""0"",""due_date"":""2026-08-07"",""keyword_hits"":[""MMIS"",""solicitation""],""notice_bucket"":""early_signal"",""ptype"":""p"",""vendor_keys_mentioned"":[]}",https://sam.gov/workspace/contract/opp/2cfdf63486f54af6a4b831afaff604ed/view,https://api.sam.gov/opportunities/v2/search,https://api.sam.gov/prod/opportunities/v1/noticedesc?noticeid=2cfdf63486f54af6a4b831afaff604ed,"{""active"":""Yes"",""additionalInfoLink"":null,""archiveDate"":""2026-08-22"",""archiveType"":""auto15"",""award"":null,""baseType"":""Presolicitation"",""classificationCode"":""Z1AZ"",""description"":""https://api.sam.gov/prod/opportunities/v1/noticedesc?noticeid=2cfdf63486f54af6a4b831afaff604ed"",""fullParentPathCode"":""057.5700.AFMC.AFSC.FA8137"",""fullParentPathName"":""DEPT OF DEFENSE.DEPT OF THE AIR FORCE.AIR FORCE MATERIEL COMMAND.AIR FORCE SUSTAINMENT CENTER.FA8137  AFSC PZIOC"",""links"":[{""href"":""https://api.sam.gov/prod/opportunities/v2/search?noticeid=2cfdf63486f54af6a4b831afaff604ed&limit=1"",""rel"":""self""}],""naicsCode"":""236220"",""naicsCodes"":[""236220""],""noticeId"":""2cfdf63486f54af6a4b831afaff604ed"",""officeAddress"":{""city"":""TINKER AFB"",""countryCode"":""USA"",""state"":""OK"",""zipcode"":""73145-9125""},""organizationType"":""OFFICE"",""placeOfPerformance"":{""city"":{""code"":""0"",""name"":""S Coffeyville""},""country"":{""code"":""USA"",""name"":""UNITED STATES""},""state"":{""code"":""OK"",""name"":""Oklahoma""}},""pointOfContact"":[{""email"":""austin.elm@us.af.mil"",""fax"":"""",""fullName"":""Austin Elm"",""phone"":"""",""title"":null,""type"":""primary""},{""email"":""sharla.flowers_brandon.1@us.af.mil"",""fax"":"""",""fullName"":""Sharla Flowers"",""phone"":"""",""title"":null,""type"":""secondary""}],""postedDate"":""2026-07-22"",""resourceLinks"":null,""responseDeadLine"":""2026-08-07T14:00:00-05:00"",""solicitationNumber"":""FA813726R0045"",""title"":""17829397-Decommission & Demo CRAC Units at B3001, Annex G, Tinker AFB"",""type"":""Presolicitation"",""typeOfSetAside"":""WOSB"",""typeOfSetAsideDescription"":""Women-Owned Small Business"",""uiLink"":""https://sam.gov/workspace/contract/opp/2cfdf63486f54af6a4b831afaff604ed/view""}",2026-07-26T14:18:22Z
sam_opportunities-72ab64a7a8fe465ba23b4bfa6df0873c,sam_opportunities,72ab64a7a8fe465ba23b4bfa6df0873c,FY264321005,Trojan UV3000 Plus System Rehabilitation,Sources Sought,r,early_signal,opportunity,INTERNATIONAL BOUNDARY AND WATER COMMISSION: US-MEXICO.INTERNATIONAL BOUNDARY AND WATER COMMISSION: US-MEXICO.INTERNAT BOUNDARY AND WATER COMM,,,2026-07-25,,2026-08-04,2026-08-05,333310,4630,No Set aside used,AZ,medicaid,mmis;sources_sought,,upcoming,81,"{""agency"":""INTERNATIONAL BOUNDARY AND WATER COMMISSION: US-MEXICO.INTERNATIONAL BOUNDARY AND WATER COMMISSION: US-MEXICO.INTERNAT BOUNDARY AND WATER COMM"",""award_amount"":""0"",""due_date"":""2026-08-04"",""keyword_hits"":[""MMIS"",""sources sought""],""notice_bucket"":""early_signal"",""ptype"":""r"",""vendor_keys_mentioned"":[]}",https://sam.gov/workspace/contract/opp/72ab64a7a8fe465ba23b4bfa6df0873c/view,https://api.sam.gov/opportunities/v2/search,https://api.sam.gov/prod/opportunities/v1/noticedesc?noticeid=72ab64a7a8fe465ba23b4bfa6df0873c,"{""active"":""Yes"",""additionalInfoLink"":null,""archiveDate"":""2026-08-05"",""archiveType"":""autocustom"",""award"":null,""baseType"":""Sources Sought"",""classificationCode"":""4630"",""description"":""https://api.sam.gov/prod/opportunities/v1/noticedesc?noticeid=72ab64a7a8fe465ba23b4bfa6df0873c"",""fullParentPathCode"":""019.19BM.199401"",""fullParentPathName"":""INTERNATIONAL BOUNDARY AND WATER COMMISSION: US-MEXICO.INTERNATIONAL BOUNDARY AND WATER COMMISSION: US-MEXICO.INTERNAT BOUNDARY AND WATER COMM"",""links"":[{""href"":""https://api.sam.gov/prod/opportunities/v2/search?noticeid=72ab64a7a8fe465ba23b4bfa6df0873c&limit=1"",""rel"":""self""}],""naicsCode"":""333310"",""naicsCodes"":[""333310""],""noticeId"":""72ab64a7a8fe465ba23b4bfa6df0873c"",""officeAddress"":{""city"":""El Paso"",""countryCode"":""USA"",""state"":""TX"",""zipcode"":""79902""},""organizationType"":""OFFICE"",""placeOfPerformance"":{""city"":{""code"":""60180"",""name"":""Rio Rico""},""country"":{""code"":""USA"",""name"":""UNITED STATES""},""state"":{""code"":""AZ"",""name"":""Arizona""}},""pointOfContact"":[{""email"":""albert.flores@ibwc.gov"",""fax"":null,""fullName"":""albert flores"",""phone"":null,""title"":null,""type"":""primary""}],""postedDate"":""2026-07-25"",""resourceLinks"":null,""responseDeadLine"":""2026-08-04T15:00:00-06:00"",""solicitationNumber"":""FY264321005"",""title"":""Trojan UV3000 Plus System Rehabilitation"",""type"":""Sources Sought"",""typeOfSetAside"":""NONE"",""typeOfSetAsideDescription"":""No Set aside used"",""uiLink"":""https://sam.gov/workspace/contract/opp/72ab64a7a8fe465ba23b4bfa6df0873c/view""}",2026-07-26T14:18:20Z
sam_opportunities-162f48f9d13c499da097ec941b7196e0,sam_opportunities,162f48f9d13c499da097ec941b7196e0,0000052931,Geotechnical and Structural Document Review for LNG Facilities,Sources Sought,r,early_signal,opportunity,"ENERGY, DEPARTMENT OF.FEDERAL ENERGY REGULATORY COMMISSION.FEDERAL ENERGY REGULATORY COMM",,,2026-07-22,,2026-07-31,2026-08-15,541620,F115,No Set aside used,DC,medicaid,mmis;sources_sought,,upcoming,81,"{""agency"":""ENERGY, DEPARTMENT OF.FEDERAL ENERGY REGULATORY COMMISSION.FEDERAL ENERGY REGULATORY COMM"",""award_amount"":""0"",""due_date"":""2026-07-31"",""keyword_hits"":[""MMIS"",""sources sought""],""notice_bucket"":""early_signal"",""ptype"":""r"",""vendor_keys_mentioned"":[]}",https://sam.gov/workspace/contract/opp/162f48f9d13c499da097ec941b7196e0/view,https://api.sam.gov/opportunities/v2/search,https://api.sam.gov/prod/opportunities/v1/noticedesc?noticeid=162f48f9d13c499da097ec941b7196e0,"{""active"":""Yes"",""additionalInfoLink"":null,""archiveDate"":""2026-08-15"",""archiveType"":""auto15"",""award"":null,""baseType"":""Sources Sought"",""classificationCode"":""F115"",""description"":""https://api.sam.gov/prod/opportunities/v1/noticedesc?noticeid=162f48f9d13c499da097ec941b7196e0"",""fullParentPathCode"":""089.8960.896030"",""fullParentPathName"":""ENERGY, DEPARTMENT OF.FEDERAL ENERGY REGULATORY COMMISSION.FEDERAL ENERGY REGULATORY COMM"",""links"":[{""href"":""https://api.sam.gov/prod/opportunities/v2/search?noticeid=162f48f9d13c499da097ec941b7196e0&limit=1"",""rel"":""self""}],""naicsCode"":""541620"",""naicsCodes"":[""541620""],""noticeId"":""162f48f9d13c499da097ec941b7196e0"",""officeAddress"":{""city"":""WASHINGTON"",""countryCode"":""USA"",""state"":""DC"",""zipcode"":""20585""},""organizationType"":""OFFICE"",""placeOfPerformance"":{""city"":{""code"":""50000"",""name"":""Washington""},""country"":{""code"":""USA"",""name"":""UNITED STATES""},""state"":{""code"":""DC"",""name"":""District of Columbia""},""zip"":""20426""},""pointOfContact"":[{""email"":""hye.park@ferc.gov"",""fax"":"""",""fullName"":""Hye Park"",""phone"":""2025026612"",""title"":null,""type"":""primary""}],""postedDate"":""2026-07-22"",""resourceLinks"":[""https://sam.gov/api/prod/opps/v3/opportunities/resources/files/5004a4dfc7f641d68fed009817823708/download"",""https://sam.gov/api/prod/opps/v3/opportunities/resources/files/e53edeb20d5a410ba327258e64822e34/download"",""https://sam.gov/api/prod/opps/v3/opportunities/resources/files/f937a2558b054b989f16db6ed4c5292b/download""],""responseDeadLine"":""2026-07-31T12:00:00-04:00"",""solicitationNumber"":""0000052931"",""title"":""Geotechnical and Structural Document Review for LNG Facilities"",""type"":""Sources Sought"",""typeOfSetAside"":""NONE"",""typeOfSetAsideDescription"":""No Set aside used"",""uiLink"":""https://sam.gov/workspace/contract/opp/162f48f9d13c499da097ec941b7196e0/view""}",2026-07-26T14:18:20Z
sam_opportunities-88bf126d92e848abbd3499e4ac114b38,sam_opportunities,88bf126d92e848abbd3499e4ac114b38,50310226S0027,3-in-1 Credit Reporting,Sources Sought,r,early_signal,opportunity,SECURITIES AND EXCHANGE COMMISSION.SECURITIES AND EXCHANGE COMMISSION.SECURITIES AND EXCHANGE COMMISSION,,,2026-07-21,,2026-07-29,2026-08-13,561450,R710,No Set aside used,DC,medicaid,mmis;sources_sought,,upcoming,81,"{""agency"":""SECURITIES AND EXCHANGE COMMISSION.SECURITIES AND EXCHANGE COMMISSION.SECURITIES AND EXCHANGE COMMISSION"",""award_amount"":""0"",""due_date"":""2026-07-29"",""keyword_hits"":[""MMIS"",""sources sought""],""notice_bucket"":""early_signal"",""ptype"":""r"",""vendor_keys_mentioned"":[]}",https://sam.gov/workspace/contract/opp/88bf126d92e848abbd3499e4ac114b38/view,https://api.sam.gov/opportunities/v2/search,https://api.sam.gov/prod/opportunities/v1/noticedesc?noticeid=88bf126d92e848abbd3499e4ac114b38,"{""active"":""Yes"",""additionalInfoLink"":null,""archiveDate"":""2026-08-13"",""archiveType"":""auto15"",""award"":null,""baseType"":""Sources Sought"",""classificationCode"":""R710"",""description"":""https://api.sam.gov/prod/opportunities/v1/noticedesc?noticeid=88bf126d92e848abbd3499e4ac114b38"",""fullParentPathCode"":""050.5000.503102"",""fullParentPathName"":""SECURITIES AND EXCHANGE COMMISSION.SECURITIES AND EXCHANGE COMMISSION.SECURITIES AND EXCHANGE COMMISSION"",""links"":[{""href"":""https://api.sam.gov/prod/opportunities/v2/search?noticeid=88bf126d92e848abbd3499e4ac114b38&limit=1"",""rel"":""self""}],""naicsCode"":""561450"",""naicsCodes"":[""561450""],""noticeId"":""88bf126d92e848abbd3499e4ac114b38"",""officeAddress"":{""city"":""WASHINGTON"",""countryCode"":""USA"",""state"":""DC"",""zipcode"":""20549""},""organizationType"":""OFFICE"",""placeOfPerformance"":{""city"":{""code"":""50000"",""name"":""Washington""},""country"":{""code"":""USA"",""name"":""UNITED STATES""},""state"":{""code"":""DC"",""name"":""District of Columbia""}},""pointOfContact"":[{""email"":""fertek@sec.gov"",""fax"":"""",""fullName"":""Kathleen Ferte"",""phone"":"""",""title"":null,""type"":""primary""}],""postedDate"":""2026-07-21"",""resourceLinks"":null,""responseDeadLine"":""2026-07-29T12:01:00-04:00"",""solicitationNumber"":""50310226S0027"",""title"":""3-in-1 Credit Reporting"",""type"":""Sources Sought"",""typeOfSetAside"":""NONE"",""typeOfSetAsideDescription"":""No Set aside used"",""uiLink"":""https://sam.gov/workspace/contract/opp/88bf126d92e848abbd3499e4ac114b38/view""}",2026-07-26T14:18:20Z
sam_opportunities-9fe3f2d1fe104e229c0fc3d5e29fec38,sam_opportunities,9fe3f2d1fe104e229c0fc3d5e29fec38,DACMS2027,Deployed Automated Cargo Measurement Systems (DACMS),Sources Sought,r,early_signal,opportunity,DEPT OF DEFENSE.DEPT OF THE AIR FORCE.AIR MOBILITY COMMAND.FA4452 763 ESS,,,2026-07-23,,2026-08-11,2026-08-26,333998,6670,Total Small Business Set-Aside (FAR 19.5),,medicare,cms;sources_sought,,upcoming,75,"{""agency"":""DEPT OF DEFENSE.DEPT OF THE AIR FORCE.AIR MOBILITY COMMAND.FA4452  763 ESS"",""award_amount"":""0"",""due_date"":""2026-08-11"",""keyword_hits"":[""CMS"",""sources sought""],""notice_bucket"":""early_signal"",""ptype"":""r"",""vendor_keys_mentioned"":[]}",https://sam.gov/workspace/contract/opp/9fe3f2d1fe104e229c0fc3d5e29fec38/view,https://api.sam.gov/opportunities/v2/search,https://api.sam.gov/prod/opportunities/v1/noticedesc?noticeid=9fe3f2d1fe104e229c0fc3d5e29fec38,"{""active"":""Yes"",""additionalInfoLink"":null,""archiveDate"":""2026-08-26"",""archiveType"":""auto15"",""award"":null,""baseType"":""Sources Sought"",""classificationCode"":""6670"",""description"":""https://api.sam.gov/prod/opportunities/v1/noticedesc?noticeid=9fe3f2d1fe104e229c0fc3d5e29fec38"",""fullParentPathCode"":""057.5700.AMC.FA4452"",""fullParentPathName"":""DEPT OF DEFENSE.DEPT OF THE AIR FORCE.AIR MOBILITY COMMAND.FA4452  763 ESS"",""links"":[{""href"":""https://api.sam.gov/prod/opportunities/v2/search?noticeid=9fe3f2d1fe104e229c0fc3d5e29fec38&limit=1"",""rel"":""self""}],""naicsCode"":""333998"",""naicsCodes"":[""333998""],""noticeId"":""9fe3f2d1fe104e229c0fc3d5e29fec38"",""officeAddress"":{""city"":""SCOTT AFB"",""countryCode"":""USA"",""state"":""IL"",""zipcode"":""62225-5020""},""organizationType"":""OFFICE"",""placeOfPerformance"":{""country"":{""code"":""USA"",""name"":""UNITED STATES""}},""pointOfContact"":[{""email"":""lauren.thoele@us.af.mil"",""fax"":"""",""fullName"":""Lauren Thoele"",""phone"":""6182290161"",""title"":null,""type"":""primary""},{""email"":""jessica.montgomery.6@us.af.mil"",""fax"":"""",""fullName"":""Jessica Montgomery"",""phone"":""6182569965"",""title"":null,""type"":""secondary""}],""postedDate"":""2026-07-23"",""resourceLinks"":[""https://sam.gov/api/prod/opps/v3/opportunities/resources/files/2a0adb45e4c44514a00e711fd11c894d/download"",""https://sam.gov/api/prod/opps/v3/opportunities/resources/files/8c4b0d95f4794562a45a40a5c32be6d5/download""],""responseDeadLine"":""2026-08-11T16:00:00-05:00"",""solicitationNumber"":""DACMS2027"",""title"":""Deployed Automated Cargo Measurement Systems (DACMS)"",""type"":""Sources Sought"",""typeOfSetAside"":""SBA"",""typeOfSetAsideDescription"":""Total Small Business Set-Aside (FAR 19.5)"",""uiLink"":""https://sam.gov/workspace/contract/opp/9fe3f2d1fe104e229c0fc3d5e29fec38/view""}",2026-07-26T14:18:20Z
sam_opportunities-d48fa001a79c4211b567f21ae6a7cd09,sam_opportunities,d48fa001a79c4211b567f21ae6a7cd09,HQC00826QE011,"Shelf Stocking, Recieving/Storage/Holding Area (RSHA), and Custodial Services at the Camp Pendleton MCB Commissary",Presolicitation,p,early_signal,opportunity,DEPT OF DEFENSE.DEFENSE COMMISSARY AGENCY (DECA).DEFENSE COMMISSARY AGENCY,,,2026-07-15,,,2026-07-31,561990,S299,8a Competed,,medicaid,mmis;solicitation,,upcoming,75,"{""agency"":""DEPT OF DEFENSE.DEFENSE COMMISSARY AGENCY  (DECA).DEFENSE COMMISSARY AGENCY"",""award_amount"":""0"",""due_date"":"""",""keyword_hits"":[""MMIS"",""solicitation""],""notice_bucket"":""early_signal"",""ptype"":""p"",""vendor_keys_mentioned"":[]}",https://sam.gov/workspace/contract/opp/d48fa001a79c4211b567f21ae6a7cd09/view,https://api.sam.gov/opportunities/v2/search,https://api.sam.gov/prod/opportunities/v1/noticedesc?noticeid=d48fa001a79c4211b567f21ae6a7cd09,"{""active"":""Yes"",""additionalInfoLink"":null,""archiveDate"":""2026-07-31"",""archiveType"":""autocustom"",""award"":null,""baseType"":""Presolicitation"",""classificationCode"":""S299"",""description"":""https://api.sam.gov/prod/opportunities/v1/noticedesc?noticeid=d48fa001a79c4211b567f21ae6a7cd09"",""fullParentPathCode"":""097.97AZ.HQC008"",""fullParentPathName"":""DEPT OF DEFENSE.DEFENSE COMMISSARY AGENCY  (DECA).DEFENSE COMMISSARY AGENCY"",""links"":[{""href"":""https://api.sam.gov/prod/opportunities/v2/search?noticeid=d48fa001a79c4211b567f21ae6a7cd09&limit=1"",""rel"":""self""}],""naicsCode"":""561990"",""naicsCodes"":[""561990""],""noticeId"":""d48fa001a79c4211b567f21ae6a7cd09"",""officeAddress"":{""city"":""FORT LEE"",""countryCode"":""USA"",""state"":""VA"",""zipcode"":""23801""},""organizationType"":""OFFICE"",""placeOfPerformance"":{""streetAddress"":""CAMP PENDLETON MCB COMMISSARYCOMMISSARY RESLAE STORE, BLDG 20850 VANDERGRIFT BLVDCAMP PENDLETON, CA 92055, UNITED STATES"",""zip"":""92055""},""pointOfContact"":[{""email"":""jessica.rivera-umipeg@deca.mil"",""fax"":"""",""fullName"":""Jessica Rivera-Umipeg"",""phone"":""8047348000 Ext 48588"",""title"":null,""type"":""primary""},{""email"":""lisa.steed@deca.mil"",""fax"":"""",""fullName"":""Lisa Steed"",""phone"":""804-734-8000 Ext 48616"",""title"":null,""type"":""secondary""}],""postedDate"":""2026-07-15"",""resourceLinks"":null,""responseDeadLine"":null,""solicitationNumber"":""HQC00826QE011"",""title"":""Shelf Stocking, Recieving/Storage/Holding Area (RSHA), and Custodial Services at the Camp Pendleton MCB Commissary"",""type"":""Presolicitation"",""typeOfSetAside"":""8A"",""typeOfSetAsideDescription"":""8a Competed"",""uiLink"":""https://sam.gov/workspace/contract/opp/d48fa001a79c4211b567f21ae6a7cd09/view""}",2026-07-26T14:18:22Z
sam_opportunities-77d8621f56bc40749fc9c71bd52c1488,sam_opportunities,77d8621f56bc40749fc9c71bd52c1488,HQC00826QE010,"Shelf Stocking, Receiving/Storage/Holding Area, and Custodial Services at the Miramar MCAS Commissary",Presolicitation,p,early_signal,opportunity,DEPT OF DEFENSE.DEFENSE COMMISSARY AGENCY (DECA).DEFENSE COMMISSARY AGENCY,,,2026-07-15,,,2026-07-31,561990,S299,8a Competed,CA,medicaid,mmis;solicitation,,upcoming,75,"{""agency"":""DEPT OF DEFENSE.DEFENSE COMMISSARY AGENCY  (DECA).DEFENSE COMMISSARY AGENCY"",""award_amount"":""0"",""due_date"":"""",""keyword_hits"":[""MMIS"",""solicitation""],""notice_bucket"":""early_signal"",""ptype"":""p"",""vendor_keys_mentioned"":[]}",https://sam.gov/workspace/contract/opp/77d8621f56bc40749fc9c71bd52c1488/view,https://api.sam.gov/opportunities/v2/search,https://api.sam.gov/prod/opportunities/v1/noticedesc?noticeid=77d8621f56bc40749fc9c71bd52c1488,"{""active"":""Yes"",""additionalInfoLink"":null,""archiveDate"":""2026-07-31"",""archiveType"":""autocustom"",""award"":null,""baseType"":""Presolicitation"",""classificationCode"":""S299"",""description"":""https://api.sam.gov/prod/opportunities/v1/noticedesc?noticeid=77d8621f56bc40749fc9c71bd52c1488"",""fullParentPathCode"":""097.97AZ.HQC008"",""fullParentPathName"":""DEPT OF DEFENSE.DEFENSE COMMISSARY AGENCY  (DECA).DEFENSE COMMISSARY AGENCY"",""links"":[{""href"":""https://api.sam.gov/prod/opportunities/v2/search?noticeid=77d8621f56bc40749fc9c71bd52c1488&limit=1"",""rel"":""self""}],""naicsCode"":""561990"",""naicsCodes"":[""561990""],""noticeId"":""77d8621f56bc40749fc9c71bd52c1488"",""officeAddress"":{""city"":""FORT LEE"",""countryCode"":""USA"",""state"":""VA"",""zipcode"":""23801""},""organizationType"":""OFFICE"",""placeOfPerformance"":{""city"":{""code"":""66000"",""name"":""San Diego""},""country"":{""code"":""USA"",""name"":""UNITED STATES""},""state"":{""code"":""CA"",""name"":""California""},""zip"":""92145""},""pointOfContact"":[{""email"":""Lisa.Steed@deca.mil"",""fax"":"""",""fullName"":""Lisa Steed, Contract Specialist"",""phone"":""8047348000 Ext 48616"",""title"":null,""type"":""primary""},{""email"":""jessica.rivera-umipeg@deca.mil"",""fax"":"""",""fullName"":""Jessica Rivera-Umipeg"",""phone"":""8047348000 Ext 48588"",""title"":null,""type"":""secondary""}],""postedDate"":""2026-07-15"",""resourceLinks"":null,""responseDeadLine"":null,""solicitationNumber"":""HQC00826QE010"",""title"":""Shelf Stocking, Receiving/Storage/Holding Area, and Custodial Services at the Miramar MCAS Commissary"",""type"":""Presolicitation"",""typeOfSetAside"":""8A"",""typeOfSetAsideDescription"":""8a Competed"",""uiLink"":""https://sam.gov/workspace/contract/opp/77d8621f56bc40749fc9c71bd52c1488/view""}",2026-07-26T14:18:22Z
sam_opportunities-2fd429d78f8745d8b556033cceb9bae5,sam_opportunities,2fd429d78f8745d8b556033cceb9bae5,HQC01026RE003,DECA A-E MATOC PROJECT,Sources Sought,r,early_signal,opportunity,DEPT OF DEFENSE.DEFENSE COMMISSARY AGENCY (DECA).DEFENSE COMMISSARY AGENCY- EUR AREA,,,2026-07-20,,2026-07-24,2026-08-01,541330,C214,No Set aside used,,medicaid,mmis;sources_sought,,expired,73,"{""agency"":""DEPT OF DEFENSE.DEFENSE COMMISSARY AGENCY  (DECA).DEFENSE COMMISSARY AGENCY- EUR AREA"",""award_amount"":""0"",""due_date"":""2026-07-24"",""keyword_hits"":[""MMIS"",""sources sought""],""notice_bucket"":""early_signal"",""ptype"":""r"",""vendor_keys_mentioned"":[]}",https://sam.gov/workspace/contract/opp/2fd429d78f8745d8b556033cceb9bae5/view,https://api.sam.gov/opportunities/v2/search,https://api.sam.gov/prod/opportunities/v1/noticedesc?noticeid=2fd429d78f8745d8b556033cceb9bae5,"{""active"":""Yes"",""additionalInfoLink"":null,""archiveDate"":""2026-08-01"",""archiveType"":""autocustom"",""award"":null,""baseType"":""Sources Sought"",""classificationCode"":""C214"",""description"":""https://api.sam.gov/prod/opportunities/v1/noticedesc?noticeid=2fd429d78f8745d8b556033cceb9bae5"",""fullParentPathCode"":""097.97AZ.HQC010"",""fullParentPathName"":""DEPT OF DEFENSE.DEFENSE COMMISSARY AGENCY  (DECA).DEFENSE COMMISSARY AGENCY- EUR AREA"",""links"":[{""href"":""https://api.sam.gov/prod/opportunities/v2/search?noticeid=2fd429d78f8745d8b556033cceb9bae5&limit=1"",""rel"":""self""}],""naicsCode"":""541330"",""naicsCodes"":[""541330""],""noticeId"":""2fd429d78f8745d8b556033cceb9bae5"",""officeAddress"":{""city"":""APO"",""countryCode"":""USA"",""state"":""AE"",""zipcode"":""09021""},""organizationType"":""OFFICE"",""placeOfPerformance"":{""country"":{""code"":""USA"",""name"":""UNITED STATES""}},""pointOfContact"":[{""email"":""suzette.sanjuan@deca.mil"",""fax"":null,""fullName"":""Suzette San Juan"",""phone"":null,""title"":null,""type"":""primary""},{""email"":""anna.gulewich@deca.mil"",""fax"":null,""fullName"":""Anna Gulewich"",""phone"":null,""title"":null,""type"":""secondary""}],""postedDate"":""2026-07-20"",""resourceLinks"":[""https://sam.gov/api/prod/opps/v3/opportunities/resources/files/0c5f81da49804ac9aa82d7095692eb42/download"",""https://sam.gov/api/prod/opps/v3/opportunities/resources/files/1f2eba1618b849079a53c5e919c1ea20/download"",""https://sam.gov/api/prod/opps/v3/opportunities/resources/files/4922c51d4a6e4f3db6e19b9b0a697206/download"",""https://sam.gov/api/prod/opps/v3/opportunities/resources/files/6ee5f248c48b403e8094ab4ddc9ee39e/download"",""https://sam.gov/api/prod/opps/v3/opportunities/resources/files/7dd79b4c8abf484486f43b39323073ae/download"",""https://sam.gov/api/prod/opps/v3/opportunities/resources/files/b531f594904148808fc9523e4f26d22b/download""],""responseDeadLine"":""2026-07-24T09:00:00-04:00"",""solicitationNumber"":""HQC01026RE003"",""title"":""DECA  A-E MATOC PROJECT"",""type"":""Sources Sought"",""typeOfSetAside"":""NONE"",""typeOfSetAsideDescription"":""No Set aside used"",""uiLink"":""https://sam.gov/workspace/contract/opp/2fd429d78f8745d8b556033cceb9bae5/view""}",2026-07-26T14:18:20Z
sam_opportunities-e7897ffdf54e429aa4459d960723496b,sam_opportunities,e7897ffdf54e429aa4459d960723496b,1232SA26R0037,Biocontainment Facility Operational Readiness and Commissioning,Sources Sought,r,early_signal,opportunity,"AGRICULTURE, DEPARTMENT OF.AGRICULTURAL RESEARCH SERVICE.USDA ARS AFM APD",,,2026-07-15,,2026-07-22,2026-08-06,541618,R425,No Set aside used,KS,medicaid,mmis;sources_sought,,expired,73,"{""agency"":""AGRICULTURE, DEPARTMENT OF.AGRICULTURAL RESEARCH SERVICE.USDA ARS AFM APD"",""award_amount"":""0"",""due_date"":""2026-07-22"",""keyword_hits"":[""MMIS"",""sources sought""],""notice_bucket"":""early_signal"",""ptype"":""r"",""vendor_keys_mentioned"":[]}",https://sam.gov/workspace/contract/opp/e7897ffdf54e429aa4459d960723496b/view,https://api.sam.gov/opportunities/v2/search,https://api.sam.gov/prod/opportunities/v1/noticedesc?noticeid=e7897ffdf54e429aa4459d960723496b,"{""active"":""Yes"",""additionalInfoLink"":null,""archiveDate"":""2026-08-06"",""archiveType"":""auto15"",""award"":null,""baseType"":""Sources Sought"",""classificationCode"":""R425"",""description"":""https://api.sam.gov/prod/opportunities/v1/noticedesc?noticeid=e7897ffdf54e429aa4459d960723496b"",""fullParentPathCode"":""012.12H2.1232SA"",""fullParentPathName"":""AGRICULTURE, DEPARTMENT OF.AGRICULTURAL RESEARCH SERVICE.USDA ARS AFM APD"",""links"":[{""href"":""https://api.sam.gov/prod/opportunities/v2/search?noticeid=e7897ffdf54e429aa4459d960723496b&limit=1"",""rel"":""self""}],""naicsCode"":""541618"",""naicsCodes"":[""541618""],""noticeId"":""e7897ffdf54e429aa4459d960723496b"",""officeAddress"":{""city"":""BELTSVILLE"",""countryCode"":""USA"",""state"":""MD"",""zipcode"":""20705""},""organizationType"":""OFFICE"",""placeOfPerformance"":{""city"":{""code"":""44250"",""name"":""Manhattan""},""country"":{""code"":""USA"",""name"":""UNITED STATES""},""state"":{""code"":""KS"",""name"":""Kansas""},""zip"":""66502""},""pointOfContact"":[{""email"":""erin.riffey@usda.gov"",""fax"":"""",""fullName"":""Erin Riffey"",""phone"":""19706312294"",""title"":null,""type"":""primary""}],""postedDate"":""2026-07-15"",""resourceLinks"":null,""responseDeadLine"":""2026-07-22T13:00:00-05:00"",""solicitationNumber"":""1232SA26R0037"",""title"":""Biocontainment Facility Operational Readiness and Commissioning"",""type"":""Sources Sought"",""typeOfSetAside"":""NONE"",""typeOfSetAsideDescription"":""No Set aside used"",""uiLink"":""https://sam.gov/workspace/contract/opp/e7897ffdf54e429aa4459d960723496b/view""}",2026-07-26T14:18:20Z
sam_opportunities-b4d0e58037c14c25b00c625135895491,sam_opportunities,b4d0e58037c14c25b00c625135895491,50310226Q0184,Sources Sought for Library Support Services,Sources Sought,r,early_signal,opportunity,SECURITIES AND EXCHANGE COMMISSION.SECURITIES AND EXCHANGE COMMISSION.SECURITIES AND EXCHANGE COMMISSION,,,2026-07-16,,2026-07-17,2026-08-01,519210,,,DC,medicaid,mmis;sources_sought,,expired,73,"{""agency"":""SECURITIES AND EXCHANGE COMMISSION.SECURITIES AND EXCHANGE COMMISSION.SECURITIES AND EXCHANGE COMMISSION"",""award_amount"":""0"",""due_date"":""2026-07-17"",""keyword_hits"":[""MMIS"",""sources sought""],""notice_bucket"":""early_signal"",""ptype"":""r"",""vendor_keys_mentioned"":[]}",https://sam.gov/workspace/contract/opp/b4d0e58037c14c25b00c625135895491/view,https://api.sam.gov/opportunities/v2/search,https://api.sam.gov/prod/opportunities/v1/noticedesc?noticeid=b4d0e58037c14c25b00c625135895491,"{""active"":""Yes"",""additionalInfoLink"":null,""archiveDate"":""2026-08-01"",""archiveType"":""auto15"",""award"":null,""baseType"":""Sources Sought"",""classificationCode"":null,""description"":""https://api.sam.gov/prod/opportunities/v1/noticedesc?noticeid=b4d0e58037c14c25b00c625135895491"",""fullParentPathCode"":""050.5000.503102"",""fullParentPathName"":""SECURITIES AND EXCHANGE COMMISSION.SECURITIES AND EXCHANGE COMMISSION.SECURITIES AND EXCHANGE COMMISSION"",""links"":[{""href"":""https://api.sam.gov/prod/opportunities/v2/search?noticeid=b4d0e58037c14c25b00c625135895491&limit=1"",""rel"":""self""}],""naicsCode"":""519210"",""naicsCodes"":[""519210""],""noticeId"":""b4d0e58037c14c25b00c625135895491"",""officeAddress"":{""city"":""WASHINGTON"",""countryCode"":""USA"",""state"":""DC"",""zipcode"":""20549""},""organizationType"":""OFFICE"",""placeOfPerformance"":{""city"":{""code"":""50000"",""name"":""Washington""},""country"":{""code"":""USA"",""name"":""UNITED STATES""},""state"":{""code"":""DC"",""name"":""District of Columbia""}},""pointOfContact"":[{""email"":""brownpl@sec.gov"",""fax"":"""",""fullName"":""Pleshette Brown"",""phone"":"""",""title"":null,""type"":""primary""}],""postedDate"":""2026-07-16"",""resourceLinks"":[""https://sam.gov/api/prod/opps/v3/opportunities/resources/files/fc69409746a141a6a51fb46a7ac79a3a/download""],""responseDeadLine"":""2026-07-17T15:00:00-04:00"",""solicitationNumber"":""50310226Q0184"",""title"":""Sources Sought for Library Support Services"",""type"":""Sources Sought"",""typeOfSetAside"":null,""typeOfSetAsideDescription"":null,""uiLink"":""https://sam.gov/workspace/contract/opp/b4d0e58037c14c25b00c625135895491/view""}",2026-07-26T14:18:20Z
sam_opportunities-ae7b517543d94b4c8fb8096b82e7e6cd,sam_opportunities,ae7b517543d94b4c8fb8096b82e7e6cd,ICE_Medical_Claims_,ICE Medical Claims,Sources Sought,r,early_signal,opportunity,"HOMELAND SECURITY, DEPARTMENT OF.US IMMIGRATION AND CUSTOMS ENFORCEMENT.DETENTION COMPLIANCE AND REMOVALS",,,2026-07-17,,2026-07-24,2026-08-08,,,,DC,medicaid,claims;sources_sought,,expired,69,"{""agency"":""HOMELAND SECURITY, DEPARTMENT OF.US IMMIGRATION AND CUSTOMS ENFORCEMENT.DETENTION COMPLIANCE AND REMOVALS"",""award_amount"":""0"",""due_date"":""2026-07-24"",""keyword_hits"":[""claims"",""sources sought""],""notice_bucket"":""early_signal"",""ptype"":""r"",""vendor_keys_mentioned"":[]}",https://sam.gov/workspace/contract/opp/ae7b517543d94b4c8fb8096b82e7e6cd/view,https://api.sam.gov/opportunities/v2/search,https://api.sam.gov/prod/opportunities/v1/noticedesc?noticeid=ae7b517543d94b4c8fb8096b82e7e6cd,"{""active"":""Yes"",""additionalInfoLink"":null,""archiveDate"":""2026-08-08"",""archiveType"":""auto15"",""award"":null,""baseType"":""Sources Sought"",""classificationCode"":null,""description"":""https://api.sam.gov/prod/opportunities/v1/noticedesc?noticeid=ae7b517543d94b4c8fb8096b82e7e6cd"",""fullParentPathCode"":""070.7012.70CDCR"",""fullParentPathName"":""HOMELAND SECURITY, DEPARTMENT OF.US IMMIGRATION AND CUSTOMS ENFORCEMENT.DETENTION COMPLIANCE AND REMOVALS"",""links"":[{""href"":""https://api.sam.gov/prod/opportunities/v2/search?noticeid=ae7b517543d94b4c8fb8096b82e7e6cd&limit=1"",""rel"":""self""}],""naicsCode"":null,""naicsCodes"":[],""noticeId"":""ae7b517543d94b4c8fb8096b82e7e6cd"",""officeAddress"":{""city"":""WASHINGTON"",""countryCode"":""USA"",""state"":""DC"",""zipcode"":""20024""},""organizationType"":""OFFICE"",""placeOfPerformance"":{""city"":{""code"":""50000"",""name"":""Washington""},""country"":{""code"":""USA"",""name"":""UNITED STATES""},""state"":{""code"":""DC"",""name"":""District of Columbia""}},""pointOfContact"":[{""email"":""genna.braden@ice.dhs.gov"",""fax"":"""",""fullName"":""Genna Braden"",""phone"":""6822187283"",""title"":null,""type"":""primary""},{""email"":""brittany.tobias@ice.dhs.gov"",""fax"":"""",""fullName"":""Brittany Tobias"",""phone"":"""",""title"":null,""type"":""secondary""}],""postedDate"":""2026-07-17"",""resourceLinks"":[""https://sam.gov/api/prod/opps/v3/opportunities/resources/files/63d44f127bc74d30bd5f6557ad1d2a4f/download""],""responseDeadLine"":""2026-07-24T12:00:00-05:00"",""solicitationNumber"":""ICE_Medical_Claims_"",""title"":""ICE Medical Claims"",""type"":""Sources Sought"",""typeOfSetAside"":null,""typeOfSetAsideDescription"":null,""uiLink"":""https://sam.gov/workspace/contract/opp/ae7b517543d94b4c8fb8096b82e7e6cd/view""}",2026-07-26T14:18:20Z
sam_opportunities-b8f6a765547c4361b203a49d4ea1b26d,sam_opportunities,b8f6a765547c4361b203a49d4ea1b26d,36C10B26Q0511,7A20--NEW- Contract Management Solution (CMS)(VA-26-00066426),Sources Sought,r,early_signal,opportunity,"VETERANS AFFAIRS, DEPARTMENT OF.VETERANS AFFAIRS, DEPARTMENT OF.TECHNOLOGY ACQUISITION CENTER NJ (36C10B)",,,2026-07-21,,,2026-09-19,541512,7A20,,,medicare,cms;sources_sought,,upcoming,67,"{""agency"":""VETERANS AFFAIRS, DEPARTMENT OF.VETERANS AFFAIRS, DEPARTMENT OF.TECHNOLOGY ACQUISITION CENTER NJ (36C10B)"",""award_amount"":""0"",""due_date"":"""",""keyword_hits"":[""CMS"",""sources sought""],""notice_bucket"":""early_signal"",""ptype"":""r"",""vendor_keys_mentioned"":[]}",https://sam.gov/workspace/contract/opp/b8f6a765547c4361b203a49d4ea1b26d/view,https://api.sam.gov/opportunities/v2/search,https://api.sam.gov/prod/opportunities/v1/noticedesc?noticeid=b8f6a765547c4361b203a49d4ea1b26d,"{""active"":""Yes"",""additionalInfoLink"":null,""archiveDate"":""2026-09-19"",""archiveType"":""autocustom"",""award"":{""awardee"":{}},""baseType"":""Sources Sought"",""classificationCode"":""7A20"",""description"":""https://api.sam.gov/prod/opportunities/v1/noticedesc?noticeid=b8f6a765547c4361b203a49d4ea1b26d"",""fullParentPathCode"":""036.3600.36C10B"",""fullParentPathName"":""VETERANS AFFAIRS, DEPARTMENT OF.VETERANS AFFAIRS, DEPARTMENT OF.TECHNOLOGY ACQUISITION CENTER NJ (36C10B)"",""links"":[{""href"":""https://api.sam.gov/prod/opportunities/v2/search?noticeid=b8f6a765547c4361b203a49d4ea1b26d&limit=1"",""rel"":""self""}],""naicsCode"":""541512"",""naicsCodes"":[""541512""],""noticeId"":""b8f6a765547c4361b203a49d4ea1b26d"",""officeAddress"":{""city"":""EATONTOWN"",""countryCode"":""USA"",""state"":""NJ"",""zipcode"":""07724""},""organizationType"":""OFFICE"",""placeOfPerformance"":{""city"":{""name"":""""},""country"":{""name"":""""},""state"":{""name"":""""},""streetAddress"":"""",""streetAddress2"":"""",""zip"":""""},""pointOfContact"":[{""email"":""Andrea.Caltabilota@va.gov"",""fax"":""Nicole.Bestreski@va.gov"",""fullName"":""Andrea Caltabilota"",""phone"":""Nicole Bestreski"",""title"":""Contract Specialists"",""type"":""primary""}],""postedDate"":""2026-07-21"",""resourceLinks"":[""https://sam.gov/api/prod/opps/v3/opportunities/resources/files/710a8998292044da94a83a6d52601700/download"",""https://sam.gov/api/prod/opps/v3/opportunities/resources/files/84ed5842c9be4d38b08fd2acc5c9cd45/download"",""https://sam.gov/api/prod/opps/v3/opportunities/resources/files/9398f3e26b744fa79ee379cf63fe3605/download"",""https://sam.gov/api/prod/opps/v3/opportunities/resources/files/c1aacaa348dd4e5980211fe8a3be0f1b/download"",""https://sam.gov/api/prod/opps/v3/opportunities/resources/files/d171252493f4489ba34a4e185b1bb872/download"",""https://sam.gov/api/prod/opps/v3/opportunities/resources/files/dfd1f3745145462ebc656378d6653a8c/download"",""https://sam.gov/api/prod/opps/v3/opportunities/resources/files/f47473e39ca0427780bea3d52c37157f/download""],""responseDeadLine"":"""",""solicitationNumber"":""36C10B26Q0511"",""title"":""7A20--NEW- Contract Management Solution (CMS)(VA-26-00066426)"",""type"":""Sources Sought"",""typeOfSetAside"":"""",""typeOfSetAsideDescription"":null,""uiLink"":""https://sam.gov/workspace/contract/opp/b8f6a765547c4361b203a49d4ea1b26d/view""}",2026-07-26T14:18:20Z
sam_opportunities-4fc632176ba74591b081e03cb41bf391,sam_opportunities,4fc632176ba74591b081e03cb41bf391,31310026Q0007,D--GLINDA 2.0 SNCC BPA CALL,Award Notice,a,award_notice,award,NUCLEAR REGULATORY COMMISSION.NUCLEAR REGULATORY COMMISSION.NUCLEAR REGULATORY COMMISSION,,,2026-07-23,,,2026-08-07,541519,DA10,,MD,medicaid,mmis,,awarded,57,"{""agency"":""NUCLEAR REGULATORY COMMISSION.NUCLEAR REGULATORY COMMISSION.NUCLEAR REGULATORY COMMISSION"",""award_amount"":""139923251.24"",""due_date"":"""",""keyword_hits"":[""MMIS""],""notice_bucket"":""award_notice"",""ptype"":""a"",""vendor_keys_mentioned"":[]}",https://sam.gov/workspace/contract/opp/4fc632176ba74591b081e03cb41bf391/view,https://api.sam.gov/opportunities/v2/search,https://api.sam.gov/prod/opportunities/v1/noticedesc?noticeid=4fc632176ba74591b081e03cb41bf391,"{""active"":""Yes"",""additionalInfoLink"":null,""archiveDate"":""2026-08-07"",""archiveType"":""auto15"",""award"":{""amount"":""139923251.24"",""awardee"":{""cageCode"":""561P9"",""duns"":""827860300"",""location"":{""city"":{""code"":""66672"",""name"":""Reston""},""country"":{""code"":""USA"",""name"":""UNITED STATES""},""state"":{""code"":""VA"",""name"":""Virginia""},""streetAddress"":""1900 ORACLE WAY STE 800"",""zip"":""20190""},""name"":""TEKSYNAP CORPORATION"",""ueiSAM"":""C2T2JWN1D2K4""},""date"":""2026-07-23"",""number"":""31310026A0001""},""baseType"":""Award Notice"",""classificationCode"":""DA10"",""description"":""https://api.sam.gov/prod/opportunities/v1/noticedesc?noticeid=4fc632176ba74591b081e03cb41bf391"",""fullParentPathCode"":""031.3100.313100"",""fullParentPathName"":""NUCLEAR REGULATORY COMMISSION.NUCLEAR REGULATORY COMMISSION.NUCLEAR REGULATORY COMMISSION"",""links"":[{""href"":""https://api.sam.gov/prod/opportunities/v2/search?noticeid=4fc632176ba74591b081e03cb41bf391&limit=1"",""rel"":""self""}],""naicsCode"":""541519"",""naicsCodes"":[""541519""],""noticeId"":""4fc632176ba74591b081e03cb41bf391"",""officeAddress"":{""city"":""ROCKVILLE"",""countryCode"":""USA"",""state"":""MD"",""zipcode"":""20855""},""organizationType"":""OFFICE"",""placeOfPerformance"":{""city"":{""code"":""67675"",""name"":""Rockville""},""country"":{""code"":""USA"",""name"":""UNITED STATES""},""state"":{""code"":""MD"",""name"":""Maryland""},""streetAddress"":""One White Flint North"",""streetAddress2"":""11555 Rockville Pike"",""zip"":""20852""},""pointOfContact"":[{""email"":""JOHNNIE.BAKER@NRC.GOV"",""fax"":null,""fullName"":""BAKER, JOHNNIE"",""phone"":""301-415-3566"",""title"":null,""type"":""primary""}],""postedDate"":""2026-07-23"",""resourceLinks"":null,""responseDeadLine"":null,""solicitationNumber"":""31310026Q0007"",""title"":""D--GLINDA 2.0 SNCC BPA CALL"",""type"":""Award Notice"",""typeOfSetAside"":null,""typeOfSetAsideDescription"":null,""uiLink"":""https://sam.gov/workspace/contract/opp/4fc632176ba74591b081e03cb41bf391/view""}",2026-07-26T14:18:24Z
sam_opportunities-dfe85182f54e4ce9a0a05eb49e1eb847,sam_opportunities,dfe85182f54e4ce9a0a05eb49e1eb847,FY26r1062052,Human Translation Services,Award Notice,a,award_notice,award,INTERNATIONAL BOUNDARY AND WATER COMMISSION: US-MEXICO.INTERNATIONAL BOUNDARY AND WATER COMMISSION: US-MEXICO.INTERNAT BOUNDARY AND WATER COMM,,,2026-07-21,,,2026-08-20,541930,R608,Women-Owned Small Business,TX,medicaid,mmis,,awarded,49,"{""agency"":""INTERNATIONAL BOUNDARY AND WATER COMMISSION: US-MEXICO.INTERNATIONAL BOUNDARY AND WATER COMMISSION: US-MEXICO.INTERNAT BOUNDARY AND WATER COMM"",""award_amount"":""125376.00"",""due_date"":"""",""keyword_hits"":[""MMIS""],""notice_bucket"":""award_notice"",""ptype"":""a"",""vendor_keys_mentioned"":[]}",https://sam.gov/workspace/contract/opp/dfe85182f54e4ce9a0a05eb49e1eb847/view,https://api.sam.gov/opportunities/v2/search,https://api.sam.gov/prod/opportunities/v1/noticedesc?noticeid=dfe85182f54e4ce9a0a05eb49e1eb847,"{""active"":""Yes"",""additionalInfoLink"":null,""archiveDate"":""2026-08-20"",""archiveType"":""autocustom"",""award"":{""amount"":""125376.00"",""awardee"":{""cageCode"":""8CB44"",""location"":{""city"":{""name"":""New York""},""country"":{""code"":""USA"",""name"":""UNITED STATES""},""state"":{""code"":""NY"",""name"":""New York""},""zip"":""10016""},""name"":""LANGUAGERS INC."",""ueiSAM"":""FU7UBW4PALD1""},""date"":""2026-07-20"",""number"":""191BWC26P0059""},""baseType"":""Award Notice"",""classificationCode"":""R608"",""description"":""https://api.sam.gov/prod/opportunities/v1/noticedesc?noticeid=dfe85182f54e4ce9a0a05eb49e1eb847"",""fullParentPathCode"":""019.19BM.199401"",""fullParentPathName"":""INTERNATIONAL BOUNDARY AND WATER COMMISSION: US-MEXICO.INTERNATIONAL BOUNDARY AND WATER COMMISSION: US-MEXICO.INTERNAT BOUNDARY AND WATER COMM"",""links"":[{""href"":""https://api.sam.gov/prod/opportunities/v2/search?noticeid=dfe85182f54e4ce9a0a05eb49e1eb847&limit=1"",""rel"":""self""}],""naicsCode"":""541930"",""naicsCodes"":[""541930""],""noticeId"":""dfe85182f54e4ce9a0a05eb49e1eb847"",""officeAddress"":{""city"":""El Paso"",""countryCode"":""USA"",""state"":""TX"",""zipcode"":""79902""},""organizationType"":""OFFICE"",""placeOfPerformance"":{""country"":{""code"":""USA"",""name"":""UNITED STATES""},""state"":{""code"":""TX"",""name"":""Texas""},""zip"":""79902""},""pointOfContact"":[{""email"":""angelica.baca@ibwc.gov"",""fax"":"""",""fullName"":""Angelica Baca"",""phone"":"""",""title"":null,""type"":""primary""},{""email"":""seone.jones@ibwc.gov"",""fax"":"""",""fullName"":""Seone Michael Jones"",""phone"":"""",""title"":null,""type"":""secondary""}],""postedDate"":""2026-07-21"",""resourceLinks"":null,""responseDeadLine"":null,""solicitationNumber"":""FY26r1062052"",""title"":""Human Translation Services"",""type"":""Award Notice"",""typeOfSetAside"":""WOSB"",""typeOfSetAsideDescription"":""Women-Owned Small Business"",""uiLink"":""https://sam.gov/workspace/contract/opp/dfe85182f54e4ce9a0a05eb49e1eb847/view""}",2026-07-26T14:18:24Z
