vendor_key,search_name,matched_name,legal_business_name,dba_name,uei_sam,cage_code,entity_status,registration_expiration_date,physical_city,physical_state,physical_zip,sam_entity_url,match_confidence,match_reason,source_key,source_record_id,last_checked_at,raw_json
deloitte,Deloitte,DELOITTE AND TOUCHE,DELOITTE AND TOUCHE,,XGTFDNFQWGN3,SMQM7,Active,2027-07-08,ACCRA,,GP 453,https://sam.gov/entity/XGTFDNFQWGN3/coreData?status=active,0.80,name containment with UEI/CAGE evidence; UEI/CAGE present; active registration,sam_entity_information,XGTFDNFQWGN3,2026-07-26T14:19:38Z,"{""coreData"":{""businessTypes"":{""businessTypeList"":[{""businessTypeCode"":""2X"",""businessTypeDesc"":""For Profit Organization""},{""businessTypeCode"":""F"",""businessTypeDesc"":""Business or Organization""}],""sbaBusinessTypeList"":[{""certificationEntryDate"":null,""certificationExitDate"":null,""sbaBusinessTypeCode"":null,""sbaBusinessTypeDesc"":null}]},""congressionalDistrict"":null,""entityInformation"":{""entityDivisionName"":null,""entityDivisionNumber"":null,""entityStartDate"":""1990-01-10"",""entityURL"":""https://www.deloitte.com/gh/en.html"",""fiscalYearEndCloseDate"":""05/31"",""submissionDate"":""2026-07-08""},""financialInformation"":{""creditCardUsage"":""N"",""debtSubjectToOffset"":null},""generalInformation"":{""countryOfIncorporationCode"":""GHA"",""countryOfIncorporationDesc"":""GHANA"",""entityStructureCode"":""2K"",""entityStructureDesc"":""Partnership or Limited Liability Partnership"",""entityTypeCode"":""F"",""entityTypeDesc"":""Business or Organization"",""organizationStructureCode"":null,""organizationStructureDesc"":null,""profitStructureCode"":""2X"",""profitStructureDesc"":""For Profit Organization"",""stateOfIncorporationCode"":null,""stateOfIncorporationDesc"":null},""mailingAddress"":{""addressLine1"":""Plot No.71, Off George Walker Bush Hwy"",""addressLine2"":null,""city"":""ACCRA"",""countryCode"":""GHA"",""stateOrProvinceCode"":null,""zipCode"":""GP 453"",""zipCodePlus4"":null},""physicalAddress"":{""addressLine1"":""Plot No.71, Off George Walker Bush Hwy"",""addressLine2"":null,""city"":""ACCRA"",""countryCode"":""GHA"",""stateOrProvinceCode"":null,""zipCode"":""GP 453"",""zipCodePlus4"":null}},""entityRegistration"":{""activationDate"":""2026-07-21"",""cageCode"":""SMQM7"",""dbaName"":null,""dnbOpenData"":null,""dodaac"":null,""entityEFTIndicator"":null,""evsSource"":""E&Y"",""exclusionStatusFlag"":""N"",""exclusionURL"":null,""lastUpdateDate"":""2026-07-21"",""legalBusinessName"":""DELOITTE AND TOUCHE"",""publicDisplayFlag"":""Y"",""purposeOfRegistrationCode"":""Z2"",""purposeOfRegistrationDesc"":""All Awards"",""registrationDate"":""2023-12-05"",""registrationExpirationDate"":""2027-07-08"",""registrationStatus"":""Active"",""samRegistered"":""Yes"",""ueiCreationDate"":""2022-07-14"",""ueiExpirationDate"":null,""ueiSAM"":""XGTFDNFQWGN3"",""ueiStatus"":""Active""}}"
deloitte,Deloitte,DELOITTE CONSEIL SENEGAL SASU,DELOITTE CONSEIL SENEGAL SASU,,JVYJQDTDNPZ6,SQDX0,Active,2027-03-16,DAKAR,,,https://sam.gov/entity/JVYJQDTDNPZ6/coreData?status=active,0.80,name containment with UEI/CAGE evidence; UEI/CAGE present; active registration,sam_entity_information,JVYJQDTDNPZ6,2026-07-26T14:19:38Z,"{""coreData"":{""businessTypes"":{""businessTypeList"":[{""businessTypeCode"":""2X"",""businessTypeDesc"":""For Profit Organization""},{""businessTypeCode"":""F"",""businessTypeDesc"":""Business or Organization""}],""sbaBusinessTypeList"":[{""certificationEntryDate"":null,""certificationExitDate"":null,""sbaBusinessTypeCode"":null,""sbaBusinessTypeDesc"":null}]},""congressionalDistrict"":null,""entityInformation"":{""entityDivisionName"":null,""entityDivisionNumber"":null,""entityStartDate"":""2022-04-11"",""entityURL"":null,""fiscalYearEndCloseDate"":""05/31"",""submissionDate"":""2026-03-16""},""financialInformation"":{""creditCardUsage"":""N"",""debtSubjectToOffset"":null},""generalInformation"":{""countryOfIncorporationCode"":""SEN"",""countryOfIncorporationDesc"":""SENEGAL"",""entityStructureCode"":""2L"",""entityStructureDesc"":""Corporate Entity (Not Tax Exempt)"",""entityTypeCode"":""F"",""entityTypeDesc"":""Business or Organization"",""organizationStructureCode"":null,""organizationStructureDesc"":null,""profitStructureCode"":""2X"",""profitStructureDesc"":""For Profit Organization"",""stateOfIncorporationCode"":null,""stateOfIncorporationDesc"":null},""mailingAddress"":{""addressLine1"":""IMMEUBLE DE L'INDEPENDENCE"",""addressLine2"":""1ST FLOOR, PLACE DE L'INDEPENDENCE"",""city"":""DAKAR"",""countryCode"":""SEN"",""stateOrProvinceCode"":""DAKAR"",""zipCode"":null,""zipCodePlus4"":null},""physicalAddress"":{""addressLine1"":""IMMEUBLE DE L'INDEPENDENCE"",""addressLine2"":""1ST FLOOR, PLACE DE L'INDEPENDENCE"",""city"":""DAKAR"",""countryCode"":""SEN"",""stateOrProvinceCode"":null,""zipCode"":null,""zipCodePlus4"":null}},""entityRegistration"":{""activationDate"":""2026-03-16"",""cageCode"":""SQDX0"",""dbaName"":null,""dnbOpenData"":null,""dodaac"":null,""entityEFTIndicator"":null,""evsSource"":""E&Y"",""exclusionStatusFlag"":""N"",""exclusionURL"":null,""lastUpdateDate"":""2026-03-16"",""legalBusinessName"":""DELOITTE CONSEIL SENEGAL SASU"",""publicDisplayFlag"":""Y"",""purposeOfRegistrationCode"":""Z2"",""purposeOfRegistrationDesc"":""All Awards"",""registrationDate"":""2023-09-08"",""registrationExpirationDate"":""2027-03-16"",""registrationStatus"":""Active"",""samRegistered"":""Yes"",""ueiCreationDate"":""2023-09-08"",""ueiExpirationDate"":null,""ueiSAM"":""JVYJQDTDNPZ6"",""ueiStatus"":""Active""}}"
deloitte,Deloitte,DELOITTE COTE D'IVOIRE,DELOITTE COTE D'IVOIRE,,CR86G8GLB391,SPQM9,Active,2027-01-09,ABIDJAN,,,https://sam.gov/entity/CR86G8GLB391/coreData?status=active,0.80,name containment with UEI/CAGE evidence; UEI/CAGE present; active registration,sam_entity_information,CR86G8GLB391,2026-07-26T14:19:38Z,"{""coreData"":{""businessTypes"":{""businessTypeList"":[{""businessTypeCode"":""2X"",""businessTypeDesc"":""For Profit Organization""},{""businessTypeCode"":""F"",""businessTypeDesc"":""Business or Organization""}],""sbaBusinessTypeList"":[{""certificationEntryDate"":null,""certificationExitDate"":null,""sbaBusinessTypeCode"":null,""sbaBusinessTypeDesc"":null}]},""congressionalDistrict"":null,""entityInformation"":{""entityDivisionName"":null,""entityDivisionNumber"":null,""entityStartDate"":""2006-08-31"",""entityURL"":""https://www2.deloitte.com/afrique/fr/footerlinks/deloitte-cote-d-ivoire.html"",""fiscalYearEndCloseDate"":""05/31"",""submissionDate"":""2026-01-09""},""financialInformation"":{""creditCardUsage"":""N"",""debtSubjectToOffset"":null},""generalInformation"":{""countryOfIncorporationCode"":""CIV"",""countryOfIncorporationDesc"":""C\u00d4TE D\u2019IVOIRE"",""entityStructureCode"":""2L"",""entityStructureDesc"":""Corporate Entity (Not Tax Exempt)"",""entityTypeCode"":""F"",""entityTypeDesc"":""Business or Organization"",""organizationStructureCode"":null,""organizationStructureDesc"":null,""profitStructureCode"":""2X"",""profitStructureDesc"":""For Profit Organization"",""stateOfIncorporationCode"":null,""stateOfIncorporationDesc"":null},""mailingAddress"":{""addressLine1"":""COCODY BOULEVARD HASSAN II"",""addressLine2"":""IMMEUBLE IVOIRE TRADE CENTER, TOUR C"",""city"":""ABIDJAN"",""countryCode"":""CIV"",""stateOrProvinceCode"":null,""zipCode"":null,""zipCodePlus4"":null},""physicalAddress"":{""addressLine1"":""COCODY BOULEVARD HASSAN II"",""addressLine2"":""IMMEUBLE IVOIRE TRADE CENTER, TOUR C"",""city"":""ABIDJAN"",""countryCode"":""CIV"",""stateOrProvinceCode"":null,""zipCode"":null,""zipCodePlus4"":null}},""entityRegistration"":{""activationDate"":""2026-01-09"",""cageCode"":""SPQM9"",""dbaName"":null,""dnbOpenData"":null,""dodaac"":null,""entityEFTIndicator"":null,""evsSource"":""E&Y"",""exclusionStatusFlag"":""N"",""exclusionURL"":null,""lastUpdateDate"":""2026-01-09"",""legalBusinessName"":""DELOITTE COTE D'IVOIRE"",""publicDisplayFlag"":""Y"",""purposeOfRegistrationCode"":""Z2"",""purposeOfRegistrationDesc"":""All Awards"",""registrationDate"":""2023-06-08"",""registrationExpirationDate"":""2027-01-09"",""registrationStatus"":""Active"",""samRegistered"":""Yes"",""ueiCreationDate"":""2023-06-08"",""ueiExpirationDate"":null,""ueiSAM"":""CR86G8GLB391"",""ueiStatus"":""Active""}}"
deloitte,Deloitte,DELOITTE FINANCIAL ADVISORY,DELOITTE FINANCIAL ADVISORY,,HNTPUR82NNN1,A04TM,Active,2026-10-17,CASABLANCA,,,https://sam.gov/entity/HNTPUR82NNN1/coreData?status=active,0.80,name containment with UEI/CAGE evidence; UEI/CAGE present; active registration,sam_entity_information,HNTPUR82NNN1,2026-07-26T14:19:38Z,"{""coreData"":{""businessTypes"":{""businessTypeList"":[{""businessTypeCode"":""2X"",""businessTypeDesc"":""For Profit Organization""},{""businessTypeCode"":""F"",""businessTypeDesc"":""Business or Organization""}],""sbaBusinessTypeList"":[{""certificationEntryDate"":null,""certificationExitDate"":null,""sbaBusinessTypeCode"":null,""sbaBusinessTypeDesc"":null}]},""congressionalDistrict"":null,""entityInformation"":{""entityDivisionName"":null,""entityDivisionNumber"":null,""entityStartDate"":""2010-08-03"",""entityURL"":null,""fiscalYearEndCloseDate"":""05/31"",""submissionDate"":""2025-10-17""},""financialInformation"":{""creditCardUsage"":""N"",""debtSubjectToOffset"":null},""generalInformation"":{""countryOfIncorporationCode"":""MAR"",""countryOfIncorporationDesc"":""MOROCCO"",""entityStructureCode"":""2L"",""entityStructureDesc"":""Corporate Entity (Not Tax Exempt)"",""entityTypeCode"":""F"",""entityTypeDesc"":""Business or Organization"",""organizationStructureCode"":null,""organizationStructureDesc"":null,""profitStructureCode"":""2X"",""profitStructureDesc"":""For Profit Organization"",""stateOfIncorporationCode"":null,""stateOfIncorporationDesc"":null},""mailingAddress"":{""addressLine1"":""MARINA CASABLANCA IVOIRE III BLD C"",""addressLine2"":""STREET SIDI MOHAMED BEN ABDALLAH"",""city"":""CASABLANCA"",""countryCode"":""MAR"",""stateOrProvinceCode"":""CASABLANCA"",""zipCode"":null,""zipCodePlus4"":null},""physicalAddress"":{""addressLine1"":""MARINA CASABLANCA IVOIRE III BLD C"",""addressLine2"":""STREET SIDI MOHAMED BEN ABDALLAH"",""city"":""CASABLANCA"",""countryCode"":""MAR"",""stateOrProvinceCode"":null,""zipCode"":null,""zipCodePlus4"":null}},""entityRegistration"":{""activationDate"":""2025-10-17"",""cageCode"":""A04TM"",""dbaName"":null,""dnbOpenData"":null,""dodaac"":null,""entityEFTIndicator"":null,""evsSource"":""E&Y"",""exclusionStatusFlag"":""N"",""exclusionURL"":null,""lastUpdateDate"":""2025-10-17"",""legalBusinessName"":""DELOITTE FINANCIAL ADVISORY"",""publicDisplayFlag"":""Y"",""purposeOfRegistrationCode"":""Z2"",""purposeOfRegistrationDesc"":""All Awards"",""registrationDate"":""2024-01-26"",""registrationExpirationDate"":""2026-10-17"",""registrationStatus"":""Active"",""samRegistered"":""Yes"",""ueiCreationDate"":""2024-01-26"",""ueiExpirationDate"":null,""ueiSAM"":""HNTPUR82NNN1"",""ueiStatus"":""Active""}}"
deloitte,Deloitte,DELOITTE SENEGAL SA,DELOITTE SENEGAL SA,,PSVBYB99P7D9,SQTY2,Active,2026-10-24,DAKAR,,21416,https://sam.gov/entity/PSVBYB99P7D9/coreData?status=active,0.80,name containment with UEI/CAGE evidence; UEI/CAGE present; active registration,sam_entity_information,PSVBYB99P7D9,2026-07-26T14:19:38Z,"{""coreData"":{""businessTypes"":{""businessTypeList"":[{""businessTypeCode"":""2X"",""businessTypeDesc"":""For Profit Organization""},{""businessTypeCode"":""F"",""businessTypeDesc"":""Business or Organization""}],""sbaBusinessTypeList"":[{""certificationEntryDate"":null,""certificationExitDate"":null,""sbaBusinessTypeCode"":null,""sbaBusinessTypeDesc"":null}]},""congressionalDistrict"":null,""entityInformation"":{""entityDivisionName"":null,""entityDivisionNumber"":null,""entityStartDate"":""2008-04-01"",""entityURL"":null,""fiscalYearEndCloseDate"":""05/31"",""submissionDate"":""2025-10-24""},""financialInformation"":{""creditCardUsage"":""N"",""debtSubjectToOffset"":null},""generalInformation"":{""countryOfIncorporationCode"":""SEN"",""countryOfIncorporationDesc"":""SENEGAL"",""entityStructureCode"":""2L"",""entityStructureDesc"":""Corporate Entity (Not Tax Exempt)"",""entityTypeCode"":""F"",""entityTypeDesc"":""Business or Organization"",""organizationStructureCode"":null,""organizationStructureDesc"":null,""profitStructureCode"":""2X"",""profitStructureDesc"":""For Profit Organization"",""stateOfIncorporationCode"":null,""stateOfIncorporationDesc"":null},""mailingAddress"":{""addressLine1"":""32, RUE VICTOR HUGO"",""addressLine2"":null,""city"":""DAKAR"",""countryCode"":""SEN"",""stateOrProvinceCode"":""DAKAR"",""zipCode"":""21416"",""zipCodePlus4"":null},""physicalAddress"":{""addressLine1"":""32, RUE VICTOR HUGO"",""addressLine2"":null,""city"":""DAKAR"",""countryCode"":""SEN"",""stateOrProvinceCode"":null,""zipCode"":""21416"",""zipCodePlus4"":null}},""entityRegistration"":{""activationDate"":""2025-10-24"",""cageCode"":""SQTY2"",""dbaName"":null,""dnbOpenData"":null,""dodaac"":null,""entityEFTIndicator"":null,""evsSource"":""E&Y"",""exclusionStatusFlag"":""N"",""exclusionURL"":null,""lastUpdateDate"":""2025-10-24"",""legalBusinessName"":""DELOITTE SENEGAL SA"",""publicDisplayFlag"":""Y"",""purposeOfRegistrationCode"":""Z2"",""purposeOfRegistrationDesc"":""All Awards"",""registrationDate"":""2024-02-22"",""registrationExpirationDate"":""2026-10-24"",""registrationStatus"":""Active"",""samRegistered"":""Yes"",""ueiCreationDate"":""2024-02-22"",""ueiExpirationDate"":null,""ueiSAM"":""PSVBYB99P7D9"",""ueiStatus"":""Active""}}"
deloitte,Deloitte,DELOITTE TCHAD,DELOITTE TCHAD,,E8XFQ9YDP3P1,SPHY2,Active,2027-03-10,N'DJAMENA,,6182,https://sam.gov/entity/E8XFQ9YDP3P1/coreData?status=active,0.80,name containment with UEI/CAGE evidence; UEI/CAGE present; active registration,sam_entity_information,E8XFQ9YDP3P1,2026-07-26T14:19:38Z,"{""coreData"":{""businessTypes"":{""businessTypeList"":[{""businessTypeCode"":""2X"",""businessTypeDesc"":""For Profit Organization""},{""businessTypeCode"":""F"",""businessTypeDesc"":""Business or Organization""}],""sbaBusinessTypeList"":[{""certificationEntryDate"":null,""certificationExitDate"":null,""sbaBusinessTypeCode"":null,""sbaBusinessTypeDesc"":null}]},""congressionalDistrict"":null,""entityInformation"":{""entityDivisionName"":null,""entityDivisionNumber"":null,""entityStartDate"":""2022-08-31"",""entityURL"":null,""fiscalYearEndCloseDate"":""05/31"",""submissionDate"":""2026-03-10""},""financialInformation"":{""creditCardUsage"":""N"",""debtSubjectToOffset"":null},""generalInformation"":{""countryOfIncorporationCode"":""TCD"",""countryOfIncorporationDesc"":""CHAD"",""entityStructureCode"":""2L"",""entityStructureDesc"":""Corporate Entity (Not Tax Exempt)"",""entityTypeCode"":""F"",""entityTypeDesc"":""Business or Organization"",""organizationStructureCode"":null,""organizationStructureDesc"":null,""profitStructureCode"":""2X"",""profitStructureDesc"":""For Profit Organization"",""stateOfIncorporationCode"":null,""stateOfIncorporationDesc"":null},""mailingAddress"":{""addressLine1"":""RESIDENTIAL AREA"",""addressLine2"":null,""city"":""N'DJAMENA"",""countryCode"":""TCD"",""stateOrProvinceCode"":null,""zipCode"":""6182"",""zipCodePlus4"":null},""physicalAddress"":{""addressLine1"":""RESIDENTIAL AREA"",""addressLine2"":null,""city"":""N'DJAMENA"",""countryCode"":""TCD"",""stateOrProvinceCode"":null,""zipCode"":""6182"",""zipCodePlus4"":null}},""entityRegistration"":{""activationDate"":""2026-03-10"",""cageCode"":""SPHY2"",""dbaName"":null,""dnbOpenData"":null,""dodaac"":null,""entityEFTIndicator"":null,""evsSource"":""E&Y"",""exclusionStatusFlag"":""N"",""exclusionURL"":null,""lastUpdateDate"":""2026-03-10"",""legalBusinessName"":""DELOITTE TCHAD"",""publicDisplayFlag"":""Y"",""purposeOfRegistrationCode"":""Z2"",""purposeOfRegistrationDesc"":""All Awards"",""registrationDate"":""2023-09-06"",""registrationExpirationDate"":""2027-03-10"",""registrationStatus"":""Active"",""samRegistered"":""Yes"",""ueiCreationDate"":""2023-09-06"",""ueiExpirationDate"":null,""ueiSAM"":""E8XFQ9YDP3P1"",""ueiStatus"":""Active""}}"
deloitte,Deloitte,DELOITTE TOGO S.A,DELOITTE TOGO S.A,,H8UWEAM9NUA5,SNZW3,Active,2026-10-10,LOME,,,https://sam.gov/entity/H8UWEAM9NUA5/coreData?status=active,0.80,name containment with UEI/CAGE evidence; UEI/CAGE present; active registration,sam_entity_information,H8UWEAM9NUA5,2026-07-26T14:19:38Z,"{""coreData"":{""businessTypes"":{""businessTypeList"":[{""businessTypeCode"":""2X"",""businessTypeDesc"":""For Profit Organization""},{""businessTypeCode"":""F"",""businessTypeDesc"":""Business or Organization""}],""sbaBusinessTypeList"":[{""certificationEntryDate"":null,""certificationExitDate"":null,""sbaBusinessTypeCode"":null,""sbaBusinessTypeDesc"":null}]},""congressionalDistrict"":null,""entityInformation"":{""entityDivisionName"":null,""entityDivisionNumber"":null,""entityStartDate"":""1995-11-22"",""entityURL"":null,""fiscalYearEndCloseDate"":""05/31"",""submissionDate"":""2025-10-10""},""financialInformation"":{""creditCardUsage"":""N"",""debtSubjectToOffset"":null},""generalInformation"":{""countryOfIncorporationCode"":""TGO"",""countryOfIncorporationDesc"":""TOGO"",""entityStructureCode"":""2L"",""entityStructureDesc"":""Corporate Entity (Not Tax Exempt)"",""entityTypeCode"":""F"",""entityTypeDesc"":""Business or Organization"",""organizationStructureCode"":null,""organizationStructureDesc"":null,""profitStructureCode"":""2X"",""profitStructureDesc"":""For Profit Organization"",""stateOfIncorporationCode"":null,""stateOfIncorporationDesc"":null},""mailingAddress"":{""addressLine1"":""QUARTIER NYEKONAKPOE"",""addressLine2"":""63, BOULEVARD DU 13 JANVIER"",""city"":""LOME"",""countryCode"":""TGO"",""stateOrProvinceCode"":null,""zipCode"":null,""zipCodePlus4"":null},""physicalAddress"":{""addressLine1"":""QUARTIER NYEKONAKPOE"",""addressLine2"":""63, BOULEVARD DU 13 JANVIER"",""city"":""LOME"",""countryCode"":""TGO"",""stateOrProvinceCode"":null,""zipCode"":null,""zipCodePlus4"":null}},""entityRegistration"":{""activationDate"":""2025-10-10"",""cageCode"":""SNZW3"",""dbaName"":null,""dnbOpenData"":null,""dodaac"":null,""entityEFTIndicator"":null,""evsSource"":""E&Y"",""exclusionStatusFlag"":""N"",""exclusionURL"":null,""lastUpdateDate"":""2025-10-10"",""legalBusinessName"":""DELOITTE TOGO S.A"",""publicDisplayFlag"":""Y"",""purposeOfRegistrationCode"":""Z2"",""purposeOfRegistrationDesc"":""All Awards"",""registrationDate"":""2023-04-03"",""registrationExpirationDate"":""2026-10-10"",""registrationStatus"":""Active"",""samRegistered"":""Yes"",""ueiCreationDate"":""2023-03-07"",""ueiExpirationDate"":null,""ueiSAM"":""H8UWEAM9NUA5"",""ueiStatus"":""Active""}}"
deloitte,Deloitte,DELOITTE TOUCHE TOHMATSU,DELOITTE TOUCHE TOHMATSU,,KPVTJK4F2ZA8,SPCT9,Active,2026-11-23,LIBREVILLE,,4660,https://sam.gov/entity/KPVTJK4F2ZA8/coreData?status=active,0.80,name containment with UEI/CAGE evidence; UEI/CAGE present; active registration,sam_entity_information,KPVTJK4F2ZA8,2026-07-26T14:19:38Z,"{""coreData"":{""businessTypes"":{""businessTypeList"":[{""businessTypeCode"":""2X"",""businessTypeDesc"":""For Profit Organization""},{""businessTypeCode"":""F"",""businessTypeDesc"":""Business or Organization""}],""sbaBusinessTypeList"":[{""certificationEntryDate"":null,""certificationExitDate"":null,""sbaBusinessTypeCode"":null,""sbaBusinessTypeDesc"":null}]},""congressionalDistrict"":null,""entityInformation"":{""entityDivisionName"":null,""entityDivisionNumber"":null,""entityStartDate"":""2001-10-18"",""entityURL"":null,""fiscalYearEndCloseDate"":""05/31"",""submissionDate"":""2025-11-23""},""financialInformation"":{""creditCardUsage"":""N"",""debtSubjectToOffset"":null},""generalInformation"":{""countryOfIncorporationCode"":""GAB"",""countryOfIncorporationDesc"":""GABON"",""entityStructureCode"":""2L"",""entityStructureDesc"":""Corporate Entity (Not Tax Exempt)"",""entityTypeCode"":""F"",""entityTypeDesc"":""Business or Organization"",""organizationStructureCode"":null,""organizationStructureDesc"":null,""profitStructureCode"":""2X"",""profitStructureDesc"":""For Profit Organization"",""stateOfIncorporationCode"":null,""stateOfIncorporationDesc"":null},""mailingAddress"":{""addressLine1"":""CITY CENTER AT LIBREVILLE BUSINESS SQUARE"",""addressLine2"":null,""city"":""LIBREVILLE"",""countryCode"":""GAB"",""stateOrProvinceCode"":null,""zipCode"":""4660"",""zipCodePlus4"":null},""physicalAddress"":{""addressLine1"":""CITY CENTER AT LIBREVILLE BUSINESS SQUARE"",""addressLine2"":null,""city"":""LIBREVILLE"",""countryCode"":""COG"",""stateOrProvinceCode"":null,""zipCode"":""4660"",""zipCodePlus4"":null}},""entityRegistration"":{""activationDate"":""2025-11-23"",""cageCode"":""SPCT9"",""dbaName"":null,""dnbOpenData"":null,""dodaac"":null,""entityEFTIndicator"":null,""evsSource"":""E&Y"",""exclusionStatusFlag"":""N"",""exclusionURL"":null,""lastUpdateDate"":""2025-11-23"",""legalBusinessName"":""DELOITTE TOUCHE TOHMATSU"",""publicDisplayFlag"":""Y"",""purposeOfRegistrationCode"":""Z2"",""purposeOfRegistrationDesc"":""All Awards"",""registrationDate"":""2023-04-06"",""registrationExpirationDate"":""2026-11-23"",""registrationStatus"":""Active"",""samRegistered"":""Yes"",""ueiCreationDate"":""2023-04-06"",""ueiExpirationDate"":null,""ueiSAM"":""KPVTJK4F2ZA8"",""ueiStatus"":""Active""}}"
deloitte,Deloitte,DELOITTE TOUCHE TOHMATSU,DELOITTE TOUCHE TOHMATSU,,V55NXK9SKV41,SPHP3,Active,2027-03-16,POINTE-NOIRE,,5871,https://sam.gov/entity/V55NXK9SKV41/coreData?status=active,0.80,name containment with UEI/CAGE evidence; UEI/CAGE present; active registration,sam_entity_information,V55NXK9SKV41,2026-07-26T14:19:38Z,"{""coreData"":{""businessTypes"":{""businessTypeList"":[{""businessTypeCode"":""2X"",""businessTypeDesc"":""For Profit Organization""},{""businessTypeCode"":""F"",""businessTypeDesc"":""Business or Organization""}],""sbaBusinessTypeList"":[{""certificationEntryDate"":null,""certificationExitDate"":null,""sbaBusinessTypeCode"":null,""sbaBusinessTypeDesc"":null}]},""congressionalDistrict"":null,""entityInformation"":{""entityDivisionName"":null,""entityDivisionNumber"":null,""entityStartDate"":""2009-04-29"",""entityURL"":null,""fiscalYearEndCloseDate"":""05/31"",""submissionDate"":""2026-03-16""},""financialInformation"":{""creditCardUsage"":""N"",""debtSubjectToOffset"":null},""generalInformation"":{""countryOfIncorporationCode"":""COG"",""countryOfIncorporationDesc"":""CONGO (BRAZZAVILLE)"",""entityStructureCode"":""2L"",""entityStructureDesc"":""Corporate Entity (Not Tax Exempt)"",""entityTypeCode"":""F"",""entityTypeDesc"":""Business or Organization"",""organizationStructureCode"":null,""organizationStructureDesc"":null,""profitStructureCode"":""2X"",""profitStructureDesc"":""For Profit Organization"",""stateOfIncorporationCode"":null,""stateOfIncorporationDesc"":null},""mailingAddress"":{""addressLine1"":""CENTRE-VILLE, IMMEUBLE LA PLACE"",""addressLine2"":""DANS LE LOTISSEMENT ROC DE TCHIKOBO"",""city"":""POINTE-NOIRE"",""countryCode"":""COG"",""stateOrProvinceCode"":null,""zipCode"":""5871"",""zipCodePlus4"":null},""physicalAddress"":{""addressLine1"":""CENTRE-VILLE, IMMEUBLE LA PLACE"",""addressLine2"":""DANS LE LOTISSEMENT ROC DE TCHIKOBO"",""city"":""POINTE-NOIRE"",""countryCode"":""COG"",""stateOrProvinceCode"":null,""zipCode"":""5871"",""zipCodePlus4"":null}},""entityRegistration"":{""activationDate"":""2026-03-16"",""cageCode"":""SPHP3"",""dbaName"":null,""dnbOpenData"":null,""dodaac"":null,""entityEFTIndicator"":null,""evsSource"":""E&Y"",""exclusionStatusFlag"":""N"",""exclusionURL"":null,""lastUpdateDate"":""2026-03-16"",""legalBusinessName"":""DELOITTE TOUCHE TOHMATSU"",""publicDisplayFlag"":""Y"",""purposeOfRegistrationCode"":""Z2"",""purposeOfRegistrationDesc"":""All Awards"",""registrationDate"":""2023-09-14"",""registrationExpirationDate"":""2027-03-16"",""registrationStatus"":""Active"",""samRegistered"":""Yes"",""ueiCreationDate"":""2023-09-14"",""ueiExpirationDate"":null,""ueiSAM"":""V55NXK9SKV41"",""ueiStatus"":""Active""}}"
deloitte,Deloitte,DELOITTE VIETNAM BUSINESS ADVISORY COMPANY LIMITED,DELOITTE VIETNAM BUSINESS ADVISORY COMPANY LIMITED,,KWUGDTWAXPX6,SQJP1,Active,2027-05-27,HANOI CITY,,,https://sam.gov/entity/KWUGDTWAXPX6/coreData?status=active,0.80,name containment with UEI/CAGE evidence; UEI/CAGE present; active registration,sam_entity_information,KWUGDTWAXPX6,2026-07-26T14:19:38Z,"{""coreData"":{""businessTypes"":{""businessTypeList"":[{""businessTypeCode"":""2X"",""businessTypeDesc"":""For Profit Organization""},{""businessTypeCode"":""F"",""businessTypeDesc"":""Business or Organization""}],""sbaBusinessTypeList"":[{""certificationEntryDate"":null,""certificationExitDate"":null,""sbaBusinessTypeCode"":null,""sbaBusinessTypeDesc"":null}]},""congressionalDistrict"":null,""entityInformation"":{""entityDivisionName"":null,""entityDivisionNumber"":null,""entityStartDate"":""2009-05-13"",""entityURL"":null,""fiscalYearEndCloseDate"":""12/31"",""submissionDate"":""2026-05-27""},""financialInformation"":{""creditCardUsage"":""N"",""debtSubjectToOffset"":null},""generalInformation"":{""countryOfIncorporationCode"":""VNM"",""countryOfIncorporationDesc"":""VIETNAM"",""entityStructureCode"":""X6"",""entityStructureDesc"":""International Organization"",""entityTypeCode"":""F"",""entityTypeDesc"":""Business or Organization"",""organizationStructureCode"":null,""organizationStructureDesc"":null,""profitStructureCode"":""2X"",""profitStructureDesc"":""For Profit Organization"",""stateOfIncorporationCode"":null,""stateOfIncorporationDesc"":null},""mailingAddress"":{""addressLine1"":""15TH FLOOR, VINACONEX TOWER, 34TH LANG HA STREET"",""addressLine2"":null,""city"":""HANOI CITY"",""countryCode"":""VNM"",""stateOrProvinceCode"":null,""zipCode"":null,""zipCodePlus4"":null},""physicalAddress"":{""addressLine1"":""15TH FLOOR, VINACONEX TOWER, 34TH LANG HA STREET"",""addressLine2"":null,""city"":""HANOI CITY"",""countryCode"":""VNM"",""stateOrProvinceCode"":null,""zipCode"":null,""zipCodePlus4"":null}},""entityRegistration"":{""activationDate"":""2026-05-27"",""cageCode"":""SQJP1"",""dbaName"":null,""dnbOpenData"":null,""dodaac"":null,""entityEFTIndicator"":null,""evsSource"":""E&Y"",""exclusionStatusFlag"":""N"",""exclusionURL"":null,""lastUpdateDate"":""2026-05-27"",""legalBusinessName"":""DELOITTE VIETNAM BUSINESS ADVISORY COMPANY LIMITED"",""publicDisplayFlag"":""Y"",""purposeOfRegistrationCode"":""Z2"",""purposeOfRegistrationDesc"":""All Awards"",""registrationDate"":""2023-10-30"",""registrationExpirationDate"":""2027-05-27"",""registrationStatus"":""Active"",""samRegistered"":""Yes"",""ueiCreationDate"":""2023-10-18"",""ueiExpirationDate"":null,""ueiSAM"":""KWUGDTWAXPX6"",""ueiStatus"":""Active""}}"
gainwell_technologies,Gainwell,GAINWELL TECHNOLOGIES LLC,GAINWELL TECHNOLOGIES LLC,,R5J6HERC6MJ4,953Y7,Active,2027-02-04,Irving,TX,75062,https://sam.gov/entity/R5J6HERC6MJ4/coreData?status=active,0.80,name containment with UEI/CAGE evidence; UEI/CAGE present; active registration,sam_entity_information,R5J6HERC6MJ4,2026-07-26T14:19:38Z,"{""coreData"":{""businessTypes"":{""businessTypeList"":[{""businessTypeCode"":""2X"",""businessTypeDesc"":""For Profit Organization""},{""businessTypeCode"":""F"",""businessTypeDesc"":""Business or Organization""},{""businessTypeCode"":""LJ"",""businessTypeDesc"":""Limited Liability Company""}],""sbaBusinessTypeList"":[{""certificationEntryDate"":null,""certificationExitDate"":null,""sbaBusinessTypeCode"":null,""sbaBusinessTypeDesc"":null}]},""congressionalDistrict"":""06"",""entityInformation"":{""entityDivisionName"":null,""entityDivisionNumber"":null,""entityStartDate"":""2020-10-01"",""entityURL"":""www.gainwelltechnologies.com"",""fiscalYearEndCloseDate"":""03/31"",""submissionDate"":""2026-02-04""},""financialInformation"":{""creditCardUsage"":""N"",""debtSubjectToOffset"":""N""},""generalInformation"":{""countryOfIncorporationCode"":""USA"",""countryOfIncorporationDesc"":""UNITED STATES"",""entityStructureCode"":""2L"",""entityStructureDesc"":""Corporate Entity (Not Tax Exempt)"",""entityTypeCode"":""F"",""entityTypeDesc"":""Business or Organization"",""organizationStructureCode"":""LJ"",""organizationStructureDesc"":""Limited Liability Company"",""profitStructureCode"":""2X"",""profitStructureDesc"":""For Profit Organization"",""stateOfIncorporationCode"":""CA"",""stateOfIncorporationDesc"":""CALIFORNIA""},""mailingAddress"":{""addressLine1"":""225 E John Carpenter Fwy Ste 500"",""addressLine2"":null,""city"":""Irving"",""countryCode"":""USA"",""stateOrProvinceCode"":""TX"",""zipCode"":""75062"",""zipCodePlus4"":""2326""},""physicalAddress"":{""addressLine1"":""225 E John Carpenter Fwy Ste 500"",""addressLine2"":null,""city"":""Irving"",""countryCode"":""USA"",""stateOrProvinceCode"":""TX"",""zipCode"":""75062"",""zipCodePlus4"":""2326""}},""entityRegistration"":{""activationDate"":""2026-02-06"",""cageCode"":""953Y7"",""dbaName"":null,""dnbOpenData"":null,""dodaac"":null,""entityEFTIndicator"":null,""evsSource"":""E&Y"",""exclusionStatusFlag"":""N"",""exclusionURL"":null,""lastUpdateDate"":""2026-02-06"",""legalBusinessName"":""GAINWELL TECHNOLOGIES LLC"",""publicDisplayFlag"":""Y"",""purposeOfRegistrationCode"":""Z2"",""purposeOfRegistrationDesc"":""All Awards"",""registrationDate"":""2021-07-30"",""registrationExpirationDate"":""2027-02-04"",""registrationStatus"":""Active"",""samRegistered"":""Yes"",""ueiCreationDate"":""2021-06-07"",""ueiExpirationDate"":null,""ueiSAM"":""R5J6HERC6MJ4"",""ueiStatus"":""Active""}}"
maximus,MAXIMUS,MAXIMUS ADVANCED SOLUTIONS LLC,MAXIMUS ADVANCED SOLUTIONS LLC,,KFVLZ4GJHZK6,08J89,Active,2026-12-09,Frankford,DE,19945,https://sam.gov/entity/KFVLZ4GJHZK6/coreData?status=active,0.80,name containment with UEI/CAGE evidence; UEI/CAGE present; active registration,sam_entity_information,KFVLZ4GJHZK6,2026-07-26T14:19:38Z,"{""coreData"":{""businessTypes"":{""businessTypeList"":[{""businessTypeCode"":""27"",""businessTypeDesc"":""Self Certified Small Disadvantaged Business""},{""businessTypeCode"":""2X"",""businessTypeDesc"":""For Profit Organization""},{""businessTypeCode"":""F"",""businessTypeDesc"":""Business or Organization""},{""businessTypeCode"":""G9"",""businessTypeDesc"":""Individual or concern, other than one of the preceding""}],""sbaBusinessTypeList"":[{""certificationEntryDate"":null,""certificationExitDate"":null,""sbaBusinessTypeCode"":null,""sbaBusinessTypeDesc"":null}]},""congressionalDistrict"":""00"",""entityInformation"":{""entityDivisionName"":null,""entityDivisionNumber"":null,""entityStartDate"":""2024-10-11"",""entityURL"":""https://www.maximusas.com/"",""fiscalYearEndCloseDate"":""12/31"",""submissionDate"":""2025-12-09""},""financialInformation"":{""creditCardUsage"":""Y"",""debtSubjectToOffset"":""N""},""generalInformation"":{""countryOfIncorporationCode"":""USA"",""countryOfIncorporationDesc"":""UNITED STATES"",""entityStructureCode"":""2K"",""entityStructureDesc"":""Partnership or Limited Liability Partnership"",""entityTypeCode"":""F"",""entityTypeDesc"":""Business or Organization"",""organizationStructureCode"":null,""organizationStructureDesc"":null,""profitStructureCode"":""2X"",""profitStructureDesc"":""For Profit Organization"",""stateOfIncorporationCode"":""DE"",""stateOfIncorporationDesc"":""DELAWARE""},""mailingAddress"":{""addressLine1"":""33836 Coldstream St"",""addressLine2"":null,""city"":""Frankford"",""countryCode"":""USA"",""stateOrProvinceCode"":""DE"",""zipCode"":""19945"",""zipCodePlus4"":""3374""},""physicalAddress"":{""addressLine1"":""33836 Coldstream St"",""addressLine2"":null,""city"":""Frankford"",""countryCode"":""USA"",""stateOrProvinceCode"":""DE"",""zipCode"":""19945"",""zipCodePlus4"":""3374""}},""entityRegistration"":{""activationDate"":""2025-12-11"",""cageCode"":""08J89"",""dbaName"":null,""dnbOpenData"":null,""dodaac"":null,""entityEFTIndicator"":null,""evsSource"":""E&Y"",""exclusionStatusFlag"":""N"",""exclusionURL"":null,""lastUpdateDate"":""2025-12-11"",""legalBusinessName"":""MAXIMUS ADVANCED SOLUTIONS LLC"",""publicDisplayFlag"":""Y"",""purposeOfRegistrationCode"":""Z2"",""purposeOfRegistrationDesc"":""All Awards"",""registrationDate"":""2024-10-22"",""registrationExpirationDate"":""2026-12-09"",""registrationStatus"":""Active"",""samRegistered"":""Yes"",""ueiCreationDate"":""2024-10-22"",""ueiExpirationDate"":null,""ueiSAM"":""KFVLZ4GJHZK6"",""ueiStatus"":""Active""}}"
maximus,MAXIMUS,MAXIMUS CONSTRUCTION MANAGEMENT LLC,MAXIMUS CONSTRUCTION MANAGEMENT LLC,,Z8RGJWU2H6N3,16C75,Active,2026-10-20,TRUMBULL,CT,06611,https://sam.gov/entity/Z8RGJWU2H6N3/coreData?status=active,0.80,name containment with UEI/CAGE evidence; UEI/CAGE present; active registration,sam_entity_information,Z8RGJWU2H6N3,2026-07-26T14:19:38Z,"{""coreData"":{""businessTypes"":{""businessTypeList"":[{""businessTypeCode"":""23"",""businessTypeDesc"":""Minority-Owned Business""},{""businessTypeCode"":""27"",""businessTypeDesc"":""Self Certified Small Disadvantaged Business""},{""businessTypeCode"":""2X"",""businessTypeDesc"":""For Profit Organization""},{""businessTypeCode"":""A5"",""businessTypeDesc"":""Veteran-Owned Business""},{""businessTypeCode"":""F"",""businessTypeDesc"":""Business or Organization""},{""businessTypeCode"":""HQ"",""businessTypeDesc"":""DOT Certified DBE""},{""businessTypeCode"":""LJ"",""businessTypeDesc"":""Limited Liability Company""},{""businessTypeCode"":""PI"",""businessTypeDesc"":""Hispanic American Owned""}],""sbaBusinessTypeList"":[{""certificationEntryDate"":null,""certificationExitDate"":null,""sbaBusinessTypeCode"":null,""sbaBusinessTypeDesc"":null}]},""congressionalDistrict"":""04"",""entityInformation"":{""entityDivisionName"":null,""entityDivisionNumber"":null,""entityStartDate"":""2025-10-06"",""entityURL"":""Www.maximuscm.com"",""fiscalYearEndCloseDate"":""12/31"",""submissionDate"":""2025-10-20""},""financialInformation"":{""creditCardUsage"":""N"",""debtSubjectToOffset"":""N""},""generalInformation"":{""countryOfIncorporationCode"":null,""countryOfIncorporationDesc"":null,""entityStructureCode"":""ZZ"",""entityStructureDesc"":""Other"",""entityTypeCode"":""F"",""entityTypeDesc"":""Business or Organization"",""organizationStructureCode"":""LJ"",""organizationStructureDesc"":""Limited Liability Company"",""profitStructureCode"":""2X"",""profitStructureDesc"":""For Profit Organization"",""stateOfIncorporationCode"":null,""stateOfIncorporationDesc"":null},""mailingAddress"":{""addressLine1"":""149 BLACKHOUSE RD"",""addressLine2"":null,""city"":""TRUMBULL"",""countryCode"":""USA"",""stateOrProvinceCode"":""CT"",""zipCode"":""06611"",""zipCodePlus4"":""2941""},""physicalAddress"":{""addressLine1"":""149 BLACKHOUSE RD"",""addressLine2"":null,""city"":""TRUMBULL"",""countryCode"":""USA"",""stateOrProvinceCode"":""CT"",""zipCode"":""06611"",""zipCodePlus4"":""2941""}},""entityRegistration"":{""activationDate"":""2025-10-22"",""cageCode"":""16C75"",""dbaName"":null,""dnbOpenData"":null,""dodaac"":null,""entityEFTIndicator"":null,""evsSource"":""E&Y"",""exclusionStatusFlag"":""N"",""exclusionURL"":null,""lastUpdateDate"":""2025-10-23"",""legalBusinessName"":""MAXIMUS CONSTRUCTION MANAGEMENT LLC"",""publicDisplayFlag"":""Y"",""purposeOfRegistrationCode"":""Z2"",""purposeOfRegistrationDesc"":""All Awards"",""registrationDate"":""2025-10-16"",""registrationExpirationDate"":""2026-10-20"",""registrationStatus"":""Active"",""samRegistered"":""Yes"",""ueiCreationDate"":""2025-10-16"",""ueiExpirationDate"":null,""ueiSAM"":""Z8RGJWU2H6N3"",""ueiStatus"":""Active""}}"
maximus,MAXIMUS,MAXIMUS CONSULTING LLC,MAXIMUS CONSULTING LLC,,ZTADP4QE79K5,184C7,Active,2027-01-14,Alexandria,VA,22304,https://sam.gov/entity/ZTADP4QE79K5/coreData?status=active,0.80,name containment with UEI/CAGE evidence; UEI/CAGE present; active registration,sam_entity_information,ZTADP4QE79K5,2026-07-26T14:19:38Z,"{""coreData"":{""businessTypes"":{""businessTypeList"":[{""businessTypeCode"":""23"",""businessTypeDesc"":""Minority-Owned Business""},{""businessTypeCode"":""27"",""businessTypeDesc"":""Self Certified Small Disadvantaged Business""},{""businessTypeCode"":""2X"",""businessTypeDesc"":""For Profit Organization""},{""businessTypeCode"":""F"",""businessTypeDesc"":""Business or Organization""},{""businessTypeCode"":""LJ"",""businessTypeDesc"":""Limited Liability Company""},{""businessTypeCode"":""OY"",""businessTypeDesc"":""Black American Owned""}],""sbaBusinessTypeList"":[{""certificationEntryDate"":null,""certificationExitDate"":null,""sbaBusinessTypeCode"":null,""sbaBusinessTypeDesc"":null}]},""congressionalDistrict"":""08"",""entityInformation"":{""entityDivisionName"":null,""entityDivisionNumber"":null,""entityStartDate"":""2024-07-10"",""entityURL"":null,""fiscalYearEndCloseDate"":""12/31"",""submissionDate"":""2026-01-14""},""financialInformation"":{""creditCardUsage"":""N"",""debtSubjectToOffset"":""N""},""generalInformation"":{""countryOfIncorporationCode"":""USA"",""countryOfIncorporationDesc"":""UNITED STATES"",""entityStructureCode"":""2L"",""entityStructureDesc"":""Corporate Entity (Not Tax Exempt)"",""entityTypeCode"":""F"",""entityTypeDesc"":""Business or Organization"",""organizationStructureCode"":""LJ"",""organizationStructureDesc"":""Limited Liability Company"",""profitStructureCode"":""2X"",""profitStructureDesc"":""For Profit Organization"",""stateOfIncorporationCode"":""VA"",""stateOfIncorporationDesc"":""VIRGINIA""},""mailingAddress"":{""addressLine1"":""4950 Brenman Park Dr Apt 205"",""addressLine2"":null,""city"":""Alexandria"",""countryCode"":""USA"",""stateOrProvinceCode"":""VA"",""zipCode"":""22304"",""zipCodePlus4"":""8207""},""physicalAddress"":{""addressLine1"":""4950 Brenman Park Dr Apt 205"",""addressLine2"":null,""city"":""Alexandria"",""countryCode"":""USA"",""stateOrProvinceCode"":""VA"",""zipCode"":""22304"",""zipCodePlus4"":""8207""}},""entityRegistration"":{""activationDate"":""2026-01-22"",""cageCode"":""184C7"",""dbaName"":null,""dnbOpenData"":null,""dodaac"":null,""entityEFTIndicator"":null,""evsSource"":""E&Y"",""exclusionStatusFlag"":""N"",""exclusionURL"":null,""lastUpdateDate"":""2026-01-26"",""legalBusinessName"":""MAXIMUS CONSULTING LLC"",""publicDisplayFlag"":""Y"",""purposeOfRegistrationCode"":""Z2"",""purposeOfRegistrationDesc"":""All Awards"",""registrationDate"":""2025-12-26"",""registrationExpirationDate"":""2027-01-14"",""registrationStatus"":""Active"",""samRegistered"":""Yes"",""ueiCreationDate"":""2025-12-26"",""ueiExpirationDate"":null,""ueiSAM"":""ZTADP4QE79K5"",""ueiStatus"":""Active""}}"
maximus,MAXIMUS,"MAXIMUS DEVELOPMENT, INC","MAXIMUS DEVELOPMENT, INC",,T355XGN92DH7,14B87,Active,2027-06-14,Sacramento,CA,95838,https://sam.gov/entity/T355XGN92DH7/coreData?status=active,0.80,name containment with UEI/CAGE evidence; UEI/CAGE present; active registration,sam_entity_information,T355XGN92DH7,2026-07-26T14:19:38Z,"{""coreData"":{""businessTypes"":{""businessTypeList"":[{""businessTypeCode"":""27"",""businessTypeDesc"":""Self Certified Small Disadvantaged Business""},{""businessTypeCode"":""2X"",""businessTypeDesc"":""For Profit Organization""},{""businessTypeCode"":""F"",""businessTypeDesc"":""Business or Organization""},{""businessTypeCode"":""JS"",""businessTypeDesc"":""Small Business Joint Venture""}],""sbaBusinessTypeList"":[{""certificationEntryDate"":null,""certificationExitDate"":null,""sbaBusinessTypeCode"":null,""sbaBusinessTypeDesc"":null}]},""congressionalDistrict"":""06"",""entityInformation"":{""entityDivisionName"":null,""entityDivisionNumber"":null,""entityStartDate"":""2007-08-24"",""entityURL"":null,""fiscalYearEndCloseDate"":""12/31"",""submissionDate"":""2026-06-14""},""financialInformation"":{""creditCardUsage"":""N"",""debtSubjectToOffset"":""N""},""generalInformation"":{""countryOfIncorporationCode"":""USA"",""countryOfIncorporationDesc"":""UNITED STATES"",""entityStructureCode"":""2L"",""entityStructureDesc"":""Corporate Entity (Not Tax Exempt)"",""entityTypeCode"":""F"",""entityTypeDesc"":""Business or Organization"",""organizationStructureCode"":null,""organizationStructureDesc"":null,""profitStructureCode"":""2X"",""profitStructureDesc"":""For Profit Organization"",""stateOfIncorporationCode"":""CA"",""stateOfIncorporationDesc"":""CALIFORNIA""},""mailingAddress"":{""addressLine1"":""4835 Rio Linda Blvd"",""addressLine2"":null,""city"":""Sacramento"",""countryCode"":""USA"",""stateOrProvinceCode"":""CA"",""zipCode"":""95838"",""zipCodePlus4"":""1801""},""physicalAddress"":{""addressLine1"":""4835 Rio Linda Blvd"",""addressLine2"":null,""city"":""Sacramento"",""countryCode"":""USA"",""stateOrProvinceCode"":""CA"",""zipCode"":""95838"",""zipCodePlus4"":""1801""}},""entityRegistration"":{""activationDate"":""2026-06-15"",""cageCode"":""14B87"",""dbaName"":null,""dnbOpenData"":null,""dodaac"":null,""entityEFTIndicator"":null,""evsSource"":""E&Y"",""exclusionStatusFlag"":""N"",""exclusionURL"":null,""lastUpdateDate"":""2026-06-15"",""legalBusinessName"":""MAXIMUS DEVELOPMENT, INC"",""publicDisplayFlag"":""Y"",""purposeOfRegistrationCode"":""Z2"",""purposeOfRegistrationDesc"":""All Awards"",""registrationDate"":""2025-07-28"",""registrationExpirationDate"":""2027-06-14"",""registrationStatus"":""Active"",""samRegistered"":""Yes"",""ueiCreationDate"":""2024-07-30"",""ueiExpirationDate"":null,""ueiSAM"":""T355XGN92DH7"",""ueiStatus"":""Active""}}"
maximus,MAXIMUS,"MAXIMUS FUSION SYSTEMS, LLC","MAXIMUS FUSION SYSTEMS, LLC",,JTLAZ8P26MV9,1ALZ7,Active,2027-03-18,NAPLES,FL,34108,https://sam.gov/entity/JTLAZ8P26MV9/coreData?status=active,0.80,name containment with UEI/CAGE evidence; UEI/CAGE present; active registration,sam_entity_information,JTLAZ8P26MV9,2026-07-26T14:19:38Z,"{""coreData"":{""businessTypes"":{""businessTypeList"":[{""businessTypeCode"":""2X"",""businessTypeDesc"":""For Profit Organization""},{""businessTypeCode"":""F"",""businessTypeDesc"":""Business or Organization""},{""businessTypeCode"":""JS"",""businessTypeDesc"":""Small Business Joint Venture""},{""businessTypeCode"":""MF"",""businessTypeDesc"":""Manufacturer of Goods""}],""sbaBusinessTypeList"":[{""certificationEntryDate"":null,""certificationExitDate"":null,""sbaBusinessTypeCode"":null,""sbaBusinessTypeDesc"":null}]},""congressionalDistrict"":""19"",""entityInformation"":{""entityDivisionName"":null,""entityDivisionNumber"":null,""entityStartDate"":""2025-09-12"",""entityURL"":""https://maximus.energy/"",""fiscalYearEndCloseDate"":""01/01"",""submissionDate"":""2026-03-18""},""financialInformation"":{""creditCardUsage"":""Y"",""debtSubjectToOffset"":""N""},""generalInformation"":{""countryOfIncorporationCode"":""USA"",""countryOfIncorporationDesc"":""UNITED STATES"",""entityStructureCode"":""2K"",""entityStructureDesc"":""Partnership or Limited Liability Partnership"",""entityTypeCode"":""F"",""entityTypeDesc"":""Business or Organization"",""organizationStructureCode"":""MF"",""organizationStructureDesc"":""Manufacturer of Goods"",""profitStructureCode"":""2X"",""profitStructureDesc"":""For Profit Organization"",""stateOfIncorporationCode"":""FL"",""stateOfIncorporationDesc"":""FLORIDA""},""mailingAddress"":{""addressLine1"":""6528 TRAIL BLVD"",""addressLine2"":null,""city"":""NAPLES"",""countryCode"":""USA"",""stateOrProvinceCode"":""FL"",""zipCode"":""34108"",""zipCodePlus4"":""2742""},""physicalAddress"":{""addressLine1"":""6528 TRAIL BLVD"",""addressLine2"":null,""city"":""NAPLES"",""countryCode"":""USA"",""stateOrProvinceCode"":""FL"",""zipCode"":""34108"",""zipCodePlus4"":""2742""}},""entityRegistration"":{""activationDate"":""2026-03-30"",""cageCode"":""1ALZ7"",""dbaName"":null,""dnbOpenData"":null,""dodaac"":null,""entityEFTIndicator"":null,""evsSource"":""E&Y"",""exclusionStatusFlag"":""N"",""exclusionURL"":null,""lastUpdateDate"":""2026-03-30"",""legalBusinessName"":""MAXIMUS FUSION SYSTEMS, LLC"",""publicDisplayFlag"":""Y"",""purposeOfRegistrationCode"":""Z2"",""purposeOfRegistrationDesc"":""All Awards"",""registrationDate"":""2026-03-11"",""registrationExpirationDate"":""2027-03-18"",""registrationStatus"":""Active"",""samRegistered"":""Yes"",""ueiCreationDate"":""2026-03-09"",""ueiExpirationDate"":null,""ueiSAM"":""JTLAZ8P26MV9"",""ueiStatus"":""Active""}}"
maximus,MAXIMUS,MAXIMUS LOGISTICS LLC,MAXIMUS LOGISTICS LLC,,TQVYSBJPG2V7,228T4,Active,2027-06-25,RIDGEFIELD,NJ,07657,https://sam.gov/entity/TQVYSBJPG2V7/coreData?status=active,0.80,name containment with UEI/CAGE evidence; UEI/CAGE present; active registration,sam_entity_information,TQVYSBJPG2V7,2026-07-26T14:19:38Z,"{""coreData"":{""businessTypes"":{""businessTypeList"":[{""businessTypeCode"":""2X"",""businessTypeDesc"":""For Profit Organization""},{""businessTypeCode"":""8W"",""businessTypeDesc"":""Women-Owned Small Business""},{""businessTypeCode"":""A2"",""businessTypeDesc"":""Women-Owned Business""},{""businessTypeCode"":""F"",""businessTypeDesc"":""Business or Organization""},{""businessTypeCode"":""LJ"",""businessTypeDesc"":""Limited Liability Company""}],""sbaBusinessTypeList"":[{""certificationEntryDate"":null,""certificationExitDate"":null,""sbaBusinessTypeCode"":null,""sbaBusinessTypeDesc"":null}]},""congressionalDistrict"":""09"",""entityInformation"":{""entityDivisionName"":null,""entityDivisionNumber"":null,""entityStartDate"":""2016-03-07"",""entityURL"":null,""fiscalYearEndCloseDate"":""12/31"",""submissionDate"":""2026-06-25""},""financialInformation"":{""creditCardUsage"":""N"",""debtSubjectToOffset"":""N""},""generalInformation"":{""countryOfIncorporationCode"":""USA"",""countryOfIncorporationDesc"":""UNITED STATES"",""entityStructureCode"":""ZZ"",""entityStructureDesc"":""Other"",""entityTypeCode"":""F"",""entityTypeDesc"":""Business or Organization"",""organizationStructureCode"":""LJ"",""organizationStructureDesc"":""Limited Liability Company"",""profitStructureCode"":""2X"",""profitStructureDesc"":""For Profit Organization"",""stateOfIncorporationCode"":""NJ"",""stateOfIncorporationDesc"":""NEW JERSEY""},""mailingAddress"":{""addressLine1"":""600 ABBOTT AVE"",""addressLine2"":null,""city"":""RIDGEFIELD"",""countryCode"":""USA"",""stateOrProvinceCode"":""NJ"",""zipCode"":""07657"",""zipCodePlus4"":""1706""},""physicalAddress"":{""addressLine1"":""600 ABBOTT AVE"",""addressLine2"":null,""city"":""RIDGEFIELD"",""countryCode"":""USA"",""stateOrProvinceCode"":""NJ"",""zipCode"":""07657"",""zipCodePlus4"":""1706""}},""entityRegistration"":{""activationDate"":""2026-07-14"",""cageCode"":""228T4"",""dbaName"":null,""dnbOpenData"":null,""dodaac"":null,""entityEFTIndicator"":null,""evsSource"":""E&Y"",""exclusionStatusFlag"":""N"",""exclusionURL"":null,""lastUpdateDate"":""2026-07-14"",""legalBusinessName"":""MAXIMUS LOGISTICS LLC"",""publicDisplayFlag"":""Y"",""purposeOfRegistrationCode"":""Z2"",""purposeOfRegistrationDesc"":""All Awards"",""registrationDate"":""2026-06-12"",""registrationExpirationDate"":""2027-06-25"",""registrationStatus"":""Active"",""samRegistered"":""Yes"",""ueiCreationDate"":""2026-03-26"",""ueiExpirationDate"":null,""ueiSAM"":""TQVYSBJPG2V7"",""ueiStatus"":""Active""}}"
maximus,MAXIMUS,MAXIMUS PARTNERS INC,MAXIMUS PARTNERS INC,MaximizeU,V6E1RQLG8528,165H2,Active,2027-04-14,Pflugerville,TX,78660,https://sam.gov/entity/V6E1RQLG8528/coreData?status=active,0.80,name containment with UEI/CAGE evidence; UEI/CAGE present; active registration,sam_entity_information,V6E1RQLG8528,2026-07-26T14:19:38Z,"{""coreData"":{""businessTypes"":{""businessTypeList"":[{""businessTypeCode"":""27"",""businessTypeDesc"":""Self Certified Small Disadvantaged Business""},{""businessTypeCode"":""2X"",""businessTypeDesc"":""For Profit Organization""},{""businessTypeCode"":""8W"",""businessTypeDesc"":""Women-Owned Small Business""},{""businessTypeCode"":""A2"",""businessTypeDesc"":""Women-Owned Business""},{""businessTypeCode"":""A5"",""businessTypeDesc"":""Veteran-Owned Business""},{""businessTypeCode"":""F"",""businessTypeDesc"":""Business or Organization""},{""businessTypeCode"":""QF"",""businessTypeDesc"":""Service-Disabled Veteran-Owned Business""}],""sbaBusinessTypeList"":[{""certificationEntryDate"":null,""certificationExitDate"":null,""sbaBusinessTypeCode"":null,""sbaBusinessTypeDesc"":null}]},""congressionalDistrict"":""17"",""entityInformation"":{""entityDivisionName"":null,""entityDivisionNumber"":null,""entityStartDate"":""2022-08-09"",""entityURL"":""https://maximizeu.life"",""fiscalYearEndCloseDate"":""12/31"",""submissionDate"":""2026-04-14""},""financialInformation"":{""creditCardUsage"":""N"",""debtSubjectToOffset"":""N""},""generalInformation"":{""countryOfIncorporationCode"":""USA"",""countryOfIncorporationDesc"":""UNITED STATES"",""entityStructureCode"":""2L"",""entityStructureDesc"":""Corporate Entity (Not Tax Exempt)"",""entityTypeCode"":""F"",""entityTypeDesc"":""Business or Organization"",""organizationStructureCode"":null,""organizationStructureDesc"":null,""profitStructureCode"":""2X"",""profitStructureDesc"":""For Profit Organization"",""stateOfIncorporationCode"":""TX"",""stateOfIncorporationDesc"":""TEXAS""},""mailingAddress"":{""addressLine1"":""809 Purple Martin Dr"",""addressLine2"":null,""city"":""Pflugerville"",""countryCode"":""USA"",""stateOrProvinceCode"":""TX"",""zipCode"":""78660"",""zipCodePlus4"":""8013""},""physicalAddress"":{""addressLine1"":""809 Purple Martin Dr"",""addressLine2"":null,""city"":""Pflugerville"",""countryCode"":""USA"",""stateOrProvinceCode"":""TX"",""zipCode"":""78660"",""zipCodePlus4"":""8013""}},""entityRegistration"":{""activationDate"":""2026-04-16"",""cageCode"":""165H2"",""dbaName"":""MaximizeU"",""dnbOpenData"":null,""dodaac"":null,""entityEFTIndicator"":null,""evsSource"":""E&Y"",""exclusionStatusFlag"":""N"",""exclusionURL"":null,""lastUpdateDate"":""2026-04-16"",""legalBusinessName"":""MAXIMUS PARTNERS INC"",""publicDisplayFlag"":""Y"",""purposeOfRegistrationCode"":""Z2"",""purposeOfRegistrationDesc"":""All Awards"",""registrationDate"":""2025-10-09"",""registrationExpirationDate"":""2027-04-14"",""registrationStatus"":""Active"",""samRegistered"":""Yes"",""ueiCreationDate"":""2025-06-20"",""ueiExpirationDate"":null,""ueiSAM"":""V6E1RQLG8528"",""ueiStatus"":""Active""}}"
maximus,MAXIMUS,Maximus Impact Holdings LLC,Maximus Impact Holdings LLC,,UFH4WVERUQ13,15GB3,Active,2026-09-15,Covina,CA,91723,https://sam.gov/entity/UFH4WVERUQ13/coreData?status=active,0.80,name containment with UEI/CAGE evidence; UEI/CAGE present; active registration,sam_entity_information,UFH4WVERUQ13,2026-07-26T14:19:38Z,"{""coreData"":{""businessTypes"":{""businessTypeList"":[{""businessTypeCode"":""23"",""businessTypeDesc"":""Minority-Owned Business""},{""businessTypeCode"":""27"",""businessTypeDesc"":""Self Certified Small Disadvantaged Business""},{""businessTypeCode"":""2X"",""businessTypeDesc"":""For Profit Organization""},{""businessTypeCode"":""8W"",""businessTypeDesc"":""Women-Owned Small Business""},{""businessTypeCode"":""A2"",""businessTypeDesc"":""Women-Owned Business""},{""businessTypeCode"":""F"",""businessTypeDesc"":""Business or Organization""},{""businessTypeCode"":""LJ"",""businessTypeDesc"":""Limited Liability Company""},{""businessTypeCode"":""PI"",""businessTypeDesc"":""Hispanic American Owned""}],""sbaBusinessTypeList"":[{""certificationEntryDate"":null,""certificationExitDate"":null,""sbaBusinessTypeCode"":null,""sbaBusinessTypeDesc"":null}]},""congressionalDistrict"":""31"",""entityInformation"":{""entityDivisionName"":null,""entityDivisionNumber"":null,""entityStartDate"":""2025-08-18"",""entityURL"":""www.kasitacrafters.com"",""fiscalYearEndCloseDate"":""12/31"",""submissionDate"":""2025-09-15""},""financialInformation"":{""creditCardUsage"":""N"",""debtSubjectToOffset"":""N""},""generalInformation"":{""countryOfIncorporationCode"":""USA"",""countryOfIncorporationDesc"":""UNITED STATES"",""entityStructureCode"":""2L"",""entityStructureDesc"":""Corporate Entity (Not Tax Exempt)"",""entityTypeCode"":""F"",""entityTypeDesc"":""Business or Organization"",""organizationStructureCode"":""LJ"",""organizationStructureDesc"":""Limited Liability Company"",""profitStructureCode"":""2X"",""profitStructureDesc"":""For Profit Organization"",""stateOfIncorporationCode"":""CA"",""stateOfIncorporationDesc"":""CALIFORNIA""},""mailingAddress"":{""addressLine1"":""220 E Badillo St"",""addressLine2"":null,""city"":""Covina"",""countryCode"":""USA"",""stateOrProvinceCode"":""CA"",""zipCode"":""91723"",""zipCodePlus4"":""2115""},""physicalAddress"":{""addressLine1"":""220 E Badillo St"",""addressLine2"":null,""city"":""Covina"",""countryCode"":""USA"",""stateOrProvinceCode"":""CA"",""zipCode"":""91723"",""zipCodePlus4"":""2115""}},""entityRegistration"":{""activationDate"":""2025-09-22"",""cageCode"":""15GB3"",""dbaName"":null,""dnbOpenData"":null,""dodaac"":null,""entityEFTIndicator"":null,""evsSource"":""E&Y"",""exclusionStatusFlag"":""N"",""exclusionURL"":null,""lastUpdateDate"":""2025-09-25"",""legalBusinessName"":""Maximus Impact Holdings LLC"",""publicDisplayFlag"":""Y"",""purposeOfRegistrationCode"":""Z2"",""purposeOfRegistrationDesc"":""All Awards"",""registrationDate"":""2025-09-12"",""registrationExpirationDate"":""2026-09-15"",""registrationStatus"":""Active"",""samRegistered"":""Yes"",""ueiCreationDate"":""2025-09-11"",""ueiExpirationDate"":null,""ueiSAM"":""UFH4WVERUQ13"",""ueiStatus"":""Active""}}"
maximus,MAXIMUS,"Saint Maximus Holding Group, LLC","Saint Maximus Holding Group, LLC",,F2YGT3AURUM7,20L30,Active,2027-05-13,NEW BRAUNFELS,TX,78132,https://sam.gov/entity/F2YGT3AURUM7/coreData?status=active,0.80,name containment with UEI/CAGE evidence; UEI/CAGE present; active registration,sam_entity_information,F2YGT3AURUM7,2026-07-26T14:19:38Z,"{""coreData"":{""businessTypes"":{""businessTypeList"":[{""businessTypeCode"":""2X"",""businessTypeDesc"":""For Profit Organization""},{""businessTypeCode"":""A5"",""businessTypeDesc"":""Veteran-Owned Business""},{""businessTypeCode"":""F"",""businessTypeDesc"":""Business or Organization""},{""businessTypeCode"":""LJ"",""businessTypeDesc"":""Limited Liability Company""},{""businessTypeCode"":""QF"",""businessTypeDesc"":""Service-Disabled Veteran-Owned Business""}],""sbaBusinessTypeList"":[{""certificationEntryDate"":null,""certificationExitDate"":null,""sbaBusinessTypeCode"":null,""sbaBusinessTypeDesc"":null}]},""congressionalDistrict"":""21"",""entityInformation"":{""entityDivisionName"":null,""entityDivisionNumber"":null,""entityStartDate"":""2023-10-18"",""entityURL"":null,""fiscalYearEndCloseDate"":""12/31"",""submissionDate"":""2026-05-13""},""financialInformation"":{""creditCardUsage"":""N"",""debtSubjectToOffset"":""N""},""generalInformation"":{""countryOfIncorporationCode"":""USA"",""countryOfIncorporationDesc"":""UNITED STATES"",""entityStructureCode"":""2L"",""entityStructureDesc"":""Corporate Entity (Not Tax Exempt)"",""entityTypeCode"":""F"",""entityTypeDesc"":""Business or Organization"",""organizationStructureCode"":""LJ"",""organizationStructureDesc"":""Limited Liability Company"",""profitStructureCode"":""2X"",""profitStructureDesc"":""For Profit Organization"",""stateOfIncorporationCode"":""TX"",""stateOfIncorporationDesc"":""TEXAS""},""mailingAddress"":{""addressLine1"":""1201 FM 2722"",""addressLine2"":null,""city"":""NEW BRAUNFELS"",""countryCode"":""USA"",""stateOrProvinceCode"":""TX"",""zipCode"":""78132"",""zipCodePlus4"":""2885""},""physicalAddress"":{""addressLine1"":""1201 FM 2722"",""addressLine2"":null,""city"":""NEW BRAUNFELS"",""countryCode"":""USA"",""stateOrProvinceCode"":""TX"",""zipCode"":""78132"",""zipCodePlus4"":""2885""}},""entityRegistration"":{""activationDate"":""2026-05-26"",""cageCode"":""20L30"",""dbaName"":null,""dnbOpenData"":null,""dodaac"":null,""entityEFTIndicator"":null,""evsSource"":""E&Y"",""exclusionStatusFlag"":""N"",""exclusionURL"":null,""lastUpdateDate"":""2026-05-28"",""legalBusinessName"":""Saint Maximus Holding Group, LLC"",""publicDisplayFlag"":""Y"",""purposeOfRegistrationCode"":""Z2"",""purposeOfRegistrationDesc"":""All Awards"",""registrationDate"":""2026-05-13"",""registrationExpirationDate"":""2027-05-13"",""registrationStatus"":""Active"",""samRegistered"":""Yes"",""ueiCreationDate"":""2026-04-27"",""ueiExpirationDate"":null,""ueiSAM"":""F2YGT3AURUM7"",""ueiStatus"":""Active""}}"
maximus,MAXIMUS,Maximus Enterprises LLC,Maximus Enterprises LLC,,J4M7FXXF8N41,9Z8S8,Inactive,2025-08-07,Castle Hayne,NC,28429,https://sam.gov/entity/J4M7FXXF8N41/coreData?status=active,0.70,name containment with UEI/CAGE evidence; UEI/CAGE present; status=Inactive,sam_entity_information,J4M7FXXF8N41,2026-07-26T14:19:38Z,"{""coreData"":{""businessTypes"":{""businessTypeList"":[{""businessTypeCode"":""23"",""businessTypeDesc"":""Minority-Owned Business""},{""businessTypeCode"":""27"",""businessTypeDesc"":""Self Certified Small Disadvantaged Business""},{""businessTypeCode"":""2X"",""businessTypeDesc"":""For Profit Organization""},{""businessTypeCode"":""A5"",""businessTypeDesc"":""Veteran-Owned Business""},{""businessTypeCode"":""F"",""businessTypeDesc"":""Business or Organization""},{""businessTypeCode"":""LJ"",""businessTypeDesc"":""Limited Liability Company""},{""businessTypeCode"":""OY"",""businessTypeDesc"":""Black American Owned""},{""businessTypeCode"":""QF"",""businessTypeDesc"":""Service-Disabled Veteran-Owned Business""}],""sbaBusinessTypeList"":[{""certificationEntryDate"":null,""certificationExitDate"":null,""sbaBusinessTypeCode"":null,""sbaBusinessTypeDesc"":null}]},""congressionalDistrict"":""07"",""entityInformation"":{""entityDivisionName"":""Maximus Enterprises LLC"",""entityDivisionNumber"":null,""entityStartDate"":""2024-07-02"",""entityURL"":null,""fiscalYearEndCloseDate"":""12/31"",""submissionDate"":""2024-08-07""},""financialInformation"":{""creditCardUsage"":""Y"",""debtSubjectToOffset"":""N""},""generalInformation"":{""countryOfIncorporationCode"":""USA"",""countryOfIncorporationDesc"":""UNITED STATES"",""entityStructureCode"":""2J"",""entityStructureDesc"":""Sole Proprietorship"",""entityTypeCode"":""F"",""entityTypeDesc"":""Business or Organization"",""organizationStructureCode"":""LJ"",""organizationStructureDesc"":""Limited Liability Company"",""profitStructureCode"":""2X"",""profitStructureDesc"":""For Profit Organization"",""stateOfIncorporationCode"":""NC"",""stateOfIncorporationDesc"":""NORTH CAROLINA""},""mailingAddress"":{""addressLine1"":""4511 Parsons Mill dr"",""addressLine2"":null,""city"":""Castle Hayne"",""countryCode"":""USA"",""stateOrProvinceCode"":""NC"",""zipCode"":""28429"",""zipCodePlus4"":null},""physicalAddress"":{""addressLine1"":""4511 Parsons Mill Dr"",""addressLine2"":null,""city"":""Castle Hayne"",""countryCode"":""USA"",""stateOrProvinceCode"":""NC"",""zipCode"":""28429"",""zipCodePlus4"":""4609""}},""entityRegistration"":{""activationDate"":""2024-08-12"",""cageCode"":""9Z8S8"",""dbaName"":null,""dnbOpenData"":null,""dodaac"":null,""entityEFTIndicator"":null,""evsSource"":""E&Y"",""exclusionStatusFlag"":""N"",""exclusionURL"":null,""lastUpdateDate"":""2025-08-07"",""legalBusinessName"":""Maximus Enterprises LLC"",""publicDisplayFlag"":""Y"",""purposeOfRegistrationCode"":""Z2"",""purposeOfRegistrationDesc"":""All Awards"",""registrationDate"":""2024-08-07"",""registrationExpirationDate"":""2025-08-07"",""registrationStatus"":""Inactive"",""samRegistered"":""Yes"",""ueiCreationDate"":""2024-08-07"",""ueiExpirationDate"":null,""ueiSAM"":""J4M7FXXF8N41"",""ueiStatus"":""Active""}}"
